,fw_id,ecosystem.type,log_num_nodes,avg_degree,connectance,clustering_coefficient,modularity,reciprocated_edge,assort_met,assort_mov,assort_mass,deg_assort_io,deg_assort_oi,deg_assort_oo,deg_assort_ii,miss_mass_frac,high_tax_frac,unclassified_tax_frac,parasitic_removal,cannibalistic_removal,num_attr,min_log_mass,max_log_mass,mean_log_mass,median_log_mass,mass_skewness
"Grand Caricaie  marsh dominated by Cladietum marisci, mown  Clmown1",0,terrestrial aboveground,2.322219294733919,10.5286,0.05037593984962406,0.249,0.346,0.001,0.034,0.306,0.063,-0.1169,-0.2258,0.0675,0.1206,0.0,0.481,0.081,0.002,0.001,8,-4.530177984021837,3.6989700043360187,-2.5099949509971675,-2.645998626802718,0.2226530422735991
"Grand Caricaie  marsh dominated by Cladietum marisci, mown  Clmown2",1,terrestrial aboveground,2.2479732663618064,7.4576,0.0423728813559322,0.197,0.368,0.009,0.072,0.364,0.094,-0.0702,-0.1984,-0.0373,0.1028,0.0,0.542,0.079,0.001,0.002,8,-4.530177984021837,3.6989700043360187,-2.496968834324,-2.762634741282292,0.24294188694229266
"Grand Caricaie  marsh dominated by Cladietum marisci, not mown  ClControl1",2,terrestrial aboveground,2.230448921378274,9.7235,0.05753567699269057,0.194,0.328,0.007,0.039,0.299,0.048,-0.0974,-0.2294,0.0697,0.1354,0.0,0.494,0.088,0.004,0.003,7,-4.530177984021837,3.6989700043360187,-2.4803422729185702,-2.7638052853126536,0.24769921252560365
"Grand Caricaie  marsh dominated by Cladietum marisci, not mown  ClControl2",3,terrestrial aboveground,2.093421685162235,6.4919,0.0527799632835038,0.199,0.36,0.007,0.073,0.302,0.086,-0.09,-0.1725,-0.0295,0.0941,0.0,0.54,0.065,0.007,0.002,8,-4.530177984021837,3.6989700043360187,-2.42112271622585,-2.750801458447256,0.2904059450103737
"Grand Caricaie  marsh dominated by Schoenus nigricans, mown  Scmown1 ",4,terrestrial aboveground,2.184691430817599,9.5948,0.0631234950120399,0.258,0.384,0.001,0.073,0.321,0.077,-0.1161,-0.1366,0.0965,0.1135,0.0,0.451,0.124,0.005,0.003,8,-4.530177984021837,3.6989700043360187,-2.2733908386262938,-2.50399746687457,0.26430961818463583
"Grand Caricaie  marsh dominated by Schoenus nigricans, mown  Scmown2 ",5,terrestrial aboveground,2.1958996524092336,8.5669,0.05491589090315205,0.18,0.371,0.006,0.068,0.324,0.077,-0.08,-0.1238,-0.0494,0.1206,0.0,0.49,0.089,0.001,0.001,8,-4.530177984021837,3.6989700043360187,-2.2767551727404034,-2.2797612072981064,0.26069445929349083
"Grand Caricaie  marsh dominated by Schoenus nigricans, not mown  ScControl1 ",6,terrestrial aboveground,2.2380461031287955,7.659,0.04452883452076892,0.215,0.346,0.014,0.046,0.345,0.142,-0.0315,-0.2272,-0.0883,0.1588,0.0,0.503,0.081,0.008,0.005,8,-4.530177984021837,3.6989700043360187,-2.5142102742370054,-2.859544754290348,0.24654949590120182
"Grand Caricaie  marsh dominated by Schoenus nigricans, not mown  ScControl2 ",7,terrestrial aboveground,2.1986570869544226,7.9557,0.050673224219946786,0.186,0.372,0.003,0.048,0.387,0.123,-0.1423,-0.1568,-0.0489,0.1168,0.0,0.494,0.095,0.01,0.003,8,-4.530177984021837,3.6989700043360187,-2.326383562454147,-2.4616047456183106,0.2580307578794256
Ythan Estuary,8,marine,1.9637878273455553,4.5,0.04945054945054945,0.161,0.279,0.0,-0.13,0.046,0.007,-0.2014,-0.3776,0.0391,-0.0295,0.011,0.109,0.076,0.0,0.007,12,-5.406713932979542,4.079181246047625,-0.09922049491776198,0.23856062735983122,0.8845494788666082
AEW01,9,terrestrial belowground,2.08278537031645,14.9256,0.1243801652892562,0.604,0.2,0.039,0.024,0.043,0.137,-0.2144,-0.2955,-0.0212,0.329,0.074,0.223,0.14,0.0,0.019,11,-15.022276394711152,-1.1950295903751296,-4.87798984194305,-4.301029995663981,0.7620155139055627
AEW02,10,terrestrial belowground,2.184691430817599,21.5163,0.1415548675610595,0.604,0.204,0.077,0.023,0.044,0.147,-0.2443,-0.2347,0.1265,0.217,0.059,0.261,0.111,0.0,0.016,11,-15.022276394711152,-0.31537902197303214,-4.454951875060401,-4.074172425375258,0.453699490003248
AEW03,11,terrestrial belowground,2.0863598306747484,14.8443,0.12267985367836337,0.598,0.238,0.04,0.026,0.048,0.165,-0.1907,-0.2635,0.1731,0.2651,0.074,0.238,0.139,0.0,0.019,11,-15.022276394711152,0.3011850732073501,-4.622704538517868,-4.132440182959064,0.3933145838780125
AEW04,12,terrestrial belowground,2.0969100130080562,14.384,0.116,0.591,0.257,0.091,0.026,0.047,0.183,-0.1213,-0.1666,-0.0273,0.2622,0.072,0.24,0.136,0.0,0.022,11,-15.022276394711152,0.7821032799395621,-4.380059013309059,-3.8040146036420306,0.43548500700167375
AEW05,13,terrestrial belowground,2.100370545117563,14.5952,0.11676190476190476,0.538,0.206,0.086,0.024,0.044,0.154,-0.1355,-0.2662,-0.0258,0.2136,0.071,0.286,0.135,0.0,0.02,11,-15.022276394711152,0.5212816257008909,-4.442348426472391,-4.0440421185174475,0.44505015608781456
AEW06,14,terrestrial belowground,2.0791812460476247,14.2417,0.11967787114845939,0.566,0.242,0.07,0.025,0.046,0.194,-0.1254,-0.1315,0.0658,0.2775,0.075,0.292,0.142,0.0,0.021,11,-15.022276394711152,0.7821032799395621,-4.346570914292145,-3.67400237271905,0.4429145947747931
AEW07,15,terrestrial belowground,2.110589710299249,14.8837,0.11627906976744186,0.538,0.227,0.064,0.023,0.04,0.173,-0.1394,-0.2948,0.1077,0.2846,0.07,0.31,0.132,0.0,0.02,11,-15.022276394711152,0.3011850732073501,-4.380749302097846,-3.702250428446249,0.5179391038686549
AEW08,16,terrestrial belowground,2.1335389083702174,16.625,0.12314814814814815,0.607,0.254,0.079,0.023,0.042,0.156,-0.1225,-0.1783,0.025,0.2715,0.066,0.228,0.125,0.0,0.019,11,-15.022276394711152,0.7821032799395621,-4.388843726097083,-4.120489206460119,0.4745684003792249
AEW09,17,terrestrial belowground,2.1271047983648077,17.3731,0.13062507013803165,0.613,0.245,0.112,0.025,0.046,0.178,-0.1251,-0.0605,-0.0459,0.3103,0.067,0.254,0.127,0.0,0.02,11,-15.022276394711152,0.7821032799395621,-4.350897938879913,-3.710035723188131,0.34306833116203456
AEW11,18,terrestrial belowground,2.0791812460476247,15.275,0.12836134453781511,0.548,0.212,0.05,0.026,0.05,0.148,-0.2092,-0.3705,-0.0063,0.1764,0.075,0.242,0.142,0.0,0.017,11,-15.022276394711152,-0.7160086198236506,-4.914810339366395,-4.5092492559258766,0.6236165610053134
AEW17,19,terrestrial belowground,2.161368002234975,19.4345,0.13496168582375478,0.62,0.217,0.106,0.023,0.042,0.168,-0.1549,-0.0044,0.0933,0.2805,0.062,0.234,0.117,0.0,0.016,11,-15.022276394711152,0.7821032799395621,-4.1097671988343825,-3.4306495031174813,0.3606970617728209
AEW18,20,terrestrial belowground,2.0453229787866576,14.1892,0.128992628992629,0.544,0.27,0.085,0.027,0.051,0.184,-0.1137,-0.2986,-0.1758,0.201,0.081,0.198,0.153,0.0,0.022,11,-15.022276394711152,-1.5127857215733602,-5.01415590900442,-4.616184634019569,1.1456461843494046
AEW25,21,terrestrial belowground,2.089905111439398,14.748,0.1208849793415967,0.563,0.281,0.063,0.027,0.049,0.184,-0.0804,-0.3368,0.0143,0.2676,0.073,0.179,0.138,0.0,0.022,11,-15.022276394711152,0.35640832703898123,-4.481414326418957,-4.292429823902063,0.5386131434083798
AEW27,22,terrestrial belowground,2.0791812460476247,10.9833,0.09229691876750701,0.461,0.251,0.036,0.024,0.047,0.173,-0.1132,-0.4907,-0.0411,0.1991,0.075,0.283,0.142,0.0,0.021,11,-15.022276394711152,-0.20528899583381566,-4.526024189912505,-4.1110460113245155,0.6489865718783588
AEW30,23,terrestrial belowground,2.0569048513364727,12.2368,0.10829063809967396,0.591,0.215,0.047,0.023,0.038,0.157,-0.1118,-0.1973,0.018,0.4564,0.079,0.281,0.149,0.0,0.02,11,-15.022276394711152,0.3609223408756893,-4.195560086527113,-3.305530804017645,0.6731146725615066
AEW49,24,terrestrial belowground,2.187520720836463,18.4026,0.12027841439606146,0.578,0.245,0.082,0.022,0.039,0.15,-0.16,-0.1908,-0.011,0.2622,0.058,0.253,0.11,0.0,0.017,11,-15.022276394711152,-0.20528899583381566,-4.25916219036614,-3.7470254535892735,0.7778530624450547
HEW01,25,terrestrial belowground,2.1271047983648077,11.5,0.08646616541353383,0.506,0.244,0.052,0.019,0.033,0.15,-0.0641,-0.4335,-0.0876,0.3285,0.067,0.261,0.127,0.0,0.021,11,-15.022276394711152,0.7821032799395621,-4.117949980608357,-3.426952801531458,0.4527926012542646
HEW02,26,terrestrial belowground,2.100370545117563,13.8175,0.11053968253968253,0.564,0.281,0.053,0.023,0.041,0.203,-0.0449,-0.3423,0.0757,0.316,0.071,0.325,0.135,0.0,0.022,11,-15.022276394711152,0.3011850732073501,-4.382010768655731,-3.7259686554365237,0.5696402754633905
HEW03,27,terrestrial belowground,2.089905111439398,13.252,0.10862321737971478,0.615,0.243,0.017,0.022,0.042,0.165,-0.1222,-0.2509,0.1075,0.4678,0.073,0.276,0.138,0.0,0.023,11,-15.022276394711152,-0.20528899583381566,-4.460111326044944,-4.074172425375258,0.72442165500899
HEW04,28,terrestrial belowground,2.0644579892269186,10.0862,0.08770614692653673,0.439,0.289,0.029,0.021,0.038,0.157,-0.0894,-0.5863,-0.1373,0.3294,0.078,0.198,0.147,0.0,0.022,11,-15.022276394711152,0.3011850732073501,-4.689456987975463,-4.359458306092403,0.5109606007974998
HEW05,29,terrestrial belowground,2.225309281725863,18.3512,0.10988736812090105,0.573,0.266,0.082,0.018,0.033,0.172,-0.0779,-0.3206,-0.1236,0.2353,0.054,0.208,0.101,0.0,0.018,11,-15.022276394711152,-0.20528899583381566,-4.215276621934088,-4.071357277343126,0.854322197262815
HEW06,30,terrestrial belowground,2.1522883443830563,16.2183,0.11502347417840375,0.592,0.235,0.081,0.02,0.037,0.198,-0.1108,-0.0869,0.0373,0.3189,0.063,0.303,0.12,0.0,0.019,11,-15.022276394711152,0.3609223408756893,-3.9312925568401513,-2.9517488100681017,0.6689738211846621
HEW10,31,terrestrial belowground,1.9590413923210936,9.4615,0.10512820512820513,0.537,0.308,0.079,0.029,0.048,0.198,0.0363,-0.3343,-0.0944,0.3626,0.099,0.275,0.187,0.0,0.033,11,-15.022276394711152,-0.2166141389193491,-4.623353717487909,-3.80401460364203,1.0409412095974502
HEW11,32,terrestrial belowground,2.12057393120585,14.3333,0.10941475826972011,0.575,0.252,0.09,0.02,0.038,0.155,-0.0743,-0.201,-0.0385,0.3212,0.068,0.348,0.129,0.0,0.021,11,-15.022276394711152,0.7821032799395621,-4.173337687970929,-3.332281723331392,0.44364167644217484
HEW12,33,terrestrial belowground,2.155336037465062,17.2657,0.1215896779277061,0.587,0.267,0.077,0.023,0.044,0.195,-0.0922,-0.211,-0.0383,0.2383,0.063,0.28,0.119,0.0,0.019,11,-15.022276394711152,-0.20528899583381566,-4.448890121576714,-4.068542129310995,0.5687526532133461
HEW13,34,terrestrial belowground,2.1583624920952498,14.6875,0.10270979020979021,0.548,0.235,0.069,0.019,0.033,0.167,-0.1036,-0.3524,-0.0282,0.306,0.062,0.299,0.118,0.0,0.018,11,-15.022276394711152,0.3011850732073501,-4.19927787136354,-3.690605285705967,0.6767306071681397
HEW16,35,terrestrial belowground,2.12057393120585,16.8712,0.12878787878787878,0.605,0.266,0.102,0.025,0.045,0.211,-0.0625,-0.0431,0.0674,0.2759,0.068,0.242,0.129,0.0,0.022,11,-15.022276394711152,0.7821032799395621,-4.174069630034725,-3.305530804017645,0.3800133480450073
HEW17,36,terrestrial belowground,2.143014800254095,14.8561,0.10765300802835992,0.552,0.286,0.063,0.024,0.043,0.177,-0.075,-0.3425,-0.0671,0.2405,0.065,0.23,0.122,0.0,0.022,11,-15.022276394711152,0.5212816257008909,-4.392155072600763,-4.14569395819892,0.5105122849532882
HEW21,37,terrestrial belowground,2.164352855784437,13.411,0.09248937175247993,0.481,0.302,0.059,0.019,0.035,0.198,-0.0044,-0.5109,-0.1185,0.2465,0.062,0.226,0.116,0.0,0.021,11,-15.022276394711152,0.5212816257008909,-4.346437483376347,-4.218965442287945,0.4178014550165106
HEW22,38,terrestrial belowground,2.1367205671564067,15.2701,0.11227994847574066,0.572,0.298,0.076,0.024,0.042,0.223,-0.041,-0.2809,-0.0404,0.2979,0.066,0.27,0.124,0.0,0.022,11,-15.022276394711152,0.7821032799395621,-4.36432798276808,-4.11690664142431,0.3934484962473163
HEW36,39,terrestrial belowground,2.204119982655925,19.9563,0.12551100628930817,0.59,0.26,0.078,0.019,0.033,0.201,-0.1221,-0.1052,0.1005,0.2419,0.056,0.287,0.106,0.0,0.018,11,-15.022276394711152,-0.2166141389193491,-4.073176974423954,-3.605276364365673,0.9572902501831366
HEW47,40,terrestrial belowground,2.1702617153949575,20.4189,0.13890421033278177,0.656,0.22,0.081,0.023,0.041,0.169,-0.1766,-0.067,0.0914,0.3057,0.061,0.243,0.115,0.0,0.017,11,-15.022276394711152,-0.3053948010664313,-4.133873206542556,-3.3737239893850743,0.8180486162890854
SEW01,41,terrestrial belowground,2.0170333392987803,11.7115,0.1137042569081404,0.6,0.27,0.015,0.035,0.067,0.17,-0.1281,-0.3219,0.0274,0.3355,0.087,0.221,0.163,0.0,0.022,11,-15.022276394711152,-0.36935706617370134,-5.059123319262796,-4.5218677486508625,0.43060033641620177
SEW02,42,terrestrial belowground,1.968482948553935,7.6022,0.08263207106124357,0.446,0.286,0.017,0.025,0.047,0.169,-0.0499,-0.4884,-0.1624,0.2384,0.097,0.247,0.183,0.0,0.033,11,-15.022276394711152,-0.20528899583381566,-5.351593295212941,-4.835647144215563,0.38646316750599163
SEW03,43,terrestrial belowground,2.0863598306747484,16.8689,0.13941200379352392,0.653,0.204,0.027,0.034,0.063,0.184,-0.2514,-0.0861,0.2283,0.4012,0.074,0.279,0.139,0.0,0.022,11,-15.022276394711152,-0.20528899583381566,-4.599749025323489,-4.047084526895755,0.47722783990724205
SEW04,44,terrestrial belowground,2.0791812460476247,13.0667,0.10980392156862745,0.556,0.285,0.031,0.026,0.049,0.185,-0.1054,-0.4241,-0.0858,0.286,0.075,0.283,0.142,0.0,0.023,11,-15.022276394711152,-0.03533886748059989,-4.7385150636880216,-4.270575359959361,0.5060306201380425
SEW05,45,terrestrial belowground,2.0043213737826426,11.9802,0.1198019801980198,0.553,0.205,0.005,0.031,0.055,0.127,-0.2374,-0.2246,0.128,0.2844,0.089,0.267,0.168,0.0,0.024,11,-15.022276394711152,-0.03533886748059989,-5.1919213624372516,-4.607303046740334,0.4126980887296916
SEW06,46,terrestrial belowground,2.103803720955957,15.2913,0.12135983002124734,0.614,0.274,0.043,0.025,0.048,0.207,-0.0596,-0.3461,0.0131,0.2731,0.071,0.283,0.134,0.0,0.025,11,-15.022276394711152,-0.8502909654397324,-4.6641646085625,-4.318758762624412,0.9764245107907777
SEW07,47,terrestrial belowground,2.12057393120585,20.7045,0.1580499653018737,0.669,0.207,0.053,0.029,0.055,0.174,-0.2976,0.015,0.2054,0.3563,0.068,0.311,0.129,0.0,0.02,11,-15.022276394711152,-0.06402613246019036,-4.413763892207476,-3.737056991993491,0.528396381764293
SEW08,48,terrestrial belowground,2.0718820073061255,15.6864,0.13407214254671881,0.612,0.245,0.067,0.034,0.058,0.196,-0.1431,-0.1133,0.13,0.2957,0.076,0.305,0.144,0.0,0.025,11,-15.022276394711152,-0.03533886748059989,-4.565991895113555,-3.9906154154141196,0.6709778424300212
SEW09,49,terrestrial belowground,1.9493900066449128,11.3708,0.12921348314606743,0.62,0.269,0.028,0.042,0.076,0.176,-0.2049,-0.1103,0.05,0.4079,0.101,0.326,0.191,0.0,0.027,11,-15.022276394711152,-0.36935706617370134,-5.062969846941717,-4.301029995663981,0.49319491046113706
SEW18,50,terrestrial belowground,2.089905111439398,15.1057,0.12381713981074237,0.674,0.221,0.039,0.03,0.058,0.18,-0.2395,-0.1721,0.0792,0.4511,0.073,0.252,0.138,0.0,0.02,11,-15.022276394711152,-0.20528899583381566,-4.756431176248451,-4.220403508742176,0.3683569327849589
SEW35,51,terrestrial belowground,2.0043213737826426,11.4158,0.11415841584158416,0.586,0.262,0.016,0.032,0.056,0.194,-0.1419,-0.292,0.0801,0.447,0.089,0.277,0.168,0.0,0.027,11,-15.022276394711152,-0.03533886748059989,-4.835856580779148,-4.195860567664649,0.5071137270163588
SEW36,52,terrestrial belowground,1.9493900066449128,10.4607,0.11887129724208376,0.565,0.238,0.021,0.034,0.061,0.174,-0.1393,-0.3025,0.0784,0.2997,0.101,0.247,0.191,0.0,0.031,11,-15.022276394711152,-0.03533886748059989,-5.2087221287262295,-4.686132779630847,0.46911973140675656
SEW37,53,terrestrial belowground,2.0718820073061255,16.7966,0.14356077067941475,0.638,0.227,0.043,0.03,0.054,0.179,-0.1864,-0.0924,0.3297,0.2886,0.076,0.305,0.144,0.0,0.025,11,-15.022276394711152,0.03815999522387777,-4.553161208322267,-3.9022785005793272,0.6203783097534419
SEW41,54,terrestrial belowground,2.0718820073061255,14.5508,0.12436621758655657,0.621,0.236,0.037,0.026,0.049,0.18,-0.1796,-0.2715,0.0837,0.3308,0.076,0.347,0.144,0.0,0.023,11,-15.022276394711152,-0.38418763941609607,-4.576387953043136,-3.7856769131086914,0.6161709845736785
SEW43,55,terrestrial belowground,2.0791812460476247,14.775,0.12415966386554622,0.617,0.234,0.037,0.026,0.049,0.178,-0.1845,-0.2598,0.0904,0.3195,0.075,0.342,0.142,0.0,0.023,11,-15.022276394711152,-0.38418763941609607,-4.543133956361639,-3.7582358730173326,0.6137387788778297
SEW48,56,terrestrial belowground,2.0718820073061255,15.6017,0.13334781978849775,0.609,0.238,0.042,0.031,0.055,0.173,-0.1982,-0.2685,0.2559,0.3228,0.076,0.254,0.144,0.0,0.023,11,-15.022276394711152,-0.4912051124345149,-4.743776274404069,-4.308541432456234,0.6137451951925336
Kongsfjorden,57,marine,2.419955748489758,6.057,0.0231184512234058,0.085,0.457,0.006,-0.101,0.164,0.066,-0.0421,-0.4435,-0.0801,0.1287,0.011,0.053,0.068,0.0,0.006,12,-13.645891560852599,7.719292745782382,-1.9100102794205622,-1.6647469580887457,0.1962484548463692
Alford lake,58,lakes,1.7481880270062005,3.875,0.07045454545454545,0.178,0.286,0.009,-0.102,0.0,-0.021,-0.2771,-0.597,0.6117,0.1539,0.018,0.161,0.071,0.0,0.014,9,-11.106793246940152,2.2600713879850747,-6.598835967161479,-6.497572880015567,0.5176988309816496
Balsam lake,59,lakes,1.6989700043360187,5.16,0.10530612244897959,0.217,0.301,0.023,-0.123,0.0,-0.008,-0.2629,-0.5452,0.2975,0.2347,0.02,0.2,0.08,0.0,0.012,9,-10.8153085691824,1.7781512503836436,-6.761248701401607,-6.798324759067094,0.5062218956493235
Beaver lake,60,lakes,1.7481880270062005,4.6786,0.08506493506493507,0.216,0.344,0.031,-0.074,0.0,0.004,-0.3882,-0.5247,0.3672,-0.0936,0.018,0.125,0.071,0.0,0.019,9,-10.61798295742513,2.8744818176994666,-6.438842060670977,-7.849485002168009,0.6908421283728191
Big hope lake,61,lakes,1.7853298350107671,5.2787,0.08797814207650273,0.195,0.358,0.037,-0.045,0.0,0.03,-0.2457,-0.5906,0.6069,0.0895,0.016,0.131,0.066,0.0,0.019,9,-10.8153085691824,3.3010299956639813,-6.226672265556261,-6.701146923590294,0.4741586207618236
Brandy lake,62,lakes,1.4771212547196624,3.9667,0.1367816091954023,0.241,0.104,0.017,-0.083,0.0,0.006,-0.1479,-0.783,0.508,0.1954,0.033,0.1,0.1,0.0,0.017,9,-10.323306390375134,1.1139433523068367,-5.405887612704528,-5.773608606049639,0.8821785662438845
Bridge brook lake,63,lakes,1.8750612633917,7.3067,0.09873873873873874,0.191,0.368,0.022,-0.148,0.0,-0.024,-0.3908,-0.6138,0.4208,0.0476,0.013,0.12,0.067,0.0,0.009,9,-11.45717457304082,2.255272505103306,-6.757685568912833,-7.698970004336019,0.651797304541323
Brook trout lake,64,lakes,1.1760912590556813,1.2667,0.09047619047619047,0.0,0.291,0.0,0.0,0.0,-0.003,-0.4862,-0.8522,0.6445,0.4376,0.0,0.2,0.067,0.0,0.0,5,-10.438898616350944,-2.7417564900754847,-6.927572296499867,-7.064996848546345,0.8190415787488898
Buck pond,65,lakes,1.6127838567197355,3.6829,0.09207317073170732,0.025,0.381,0.013,0.002,0.0,-0.019,-0.0021,-0.6294,0.288,-0.0135,0.024,0.244,0.049,0.0,0.013,9,-10.61798295742513,1.0791812460476249,-7.237442232345987,-7.698970004336019,0.4744240743502111
Burntbridge lake,66,lakes,1.7242758696007892,3.3962,0.06531204644412192,0.089,0.411,0.011,-0.056,0.0,0.003,-0.172,-0.6214,0.5769,-0.0379,0.019,0.189,0.094,0.0,0.017,9,-11.45717457304082,2.569373909615046,-7.31621117631999,-8.247951552180561,0.593224569204105
Cascade lake,67,lakes,1.5440680443502757,3.2857,0.09663865546218488,0.178,0.351,0.017,-0.069,0.0,-0.004,-0.342,-0.4678,0.5338,0.0158,0.029,0.229,0.114,0.0,0.026,9,-10.61798295742513,2.5224442335063197,-6.196915008600612,-7.251811972993799,0.8204143655791231
Chub lake,68,lakes,1.5563025007672873,2.2222,0.06349206349206349,0.171,0.292,0.025,-0.053,0.0,-0.017,-0.4381,-0.7973,0.3934,0.1019,0.028,0.25,0.111,0.0,0.037,9,-10.8153085691824,2.2174839442139063,-7.358410275591559,-8.013667203866945,0.5072126133013174
Chub pond,69,lakes,1.7323937598229686,7.6296,0.14395527603074773,0.349,0.152,0.029,-0.134,0.0,-0.075,-0.3377,-0.3925,0.3004,0.4224,0.019,0.093,0.093,0.0,0.01,9,-11.45717457304082,2.4771212547196626,-5.333614328697608,-5.539057963238832,0.8868187677868079
Connera lake,70,lakes,1.8129133566428555,6.3385,0.09903846153846153,0.193,0.378,0.034,-0.111,0.0,-0.026,-0.3823,-0.2697,0.2557,-0.1541,0.015,0.138,0.077,0.0,0.015,9,-11.45717457304082,3.27669152884504,-6.262882380474584,-7.251811972993799,0.506694502653886
Constable lake,71,lakes,1.505149978319906,1.8438,0.059475806451612906,0.092,0.356,0.034,0.009,0.0,-0.001,-0.2936,-0.8588,0.3373,0.2591,0.031,0.25,0.062,0.0,0.034,9,-10.61798295742513,2.230448921378274,-7.305833470765755,-7.849485002168009,0.5388220594158804
Deep lake,72,lakes,1.2787536009528289,1.4211,0.07894736842105263,0.0,0.37,0.0,0.0,0.0,-0.022,-0.5952,-0.705,0.5335,0.2258,0.053,0.263,0.105,0.0,0.037,8,-10.61798295742513,-2.7417564900754847,-7.655803247037551,-8.027334407733889,0.7400872365489796
Emerald lake,73,lakes,1.3424226808222062,2.4545,0.11688311688311688,0.228,0.239,0.111,0.0,0.0,-0.031,-0.4107,-0.7884,0.394,0.3571,0.0,0.273,0.045,0.0,0.074,5,-10.323306390375134,-2.1694113313148558,-7.077489770040395,-7.158404410770072,0.8170852211469902
Falls lake,74,lakes,1.591064607026499,3.8205,0.10053981106612686,0.098,0.347,0.013,-0.072,0.0,0.014,-0.3806,-0.6523,0.4453,0.1427,0.026,0.256,0.128,0.0,0.02,9,-11.45717457304082,2.7781512503836434,-6.873669820046721,-7.064996848546345,0.4867015582786799
Fawn lake,75,lakes,1.505149978319906,3.7188,0.11995967741935484,0.207,0.264,0.017,-0.132,0.0,-0.023,-0.5417,-0.6052,0.4954,0.3589,0.031,0.125,0.156,0.0,0.025,9,-11.45717457304082,2.5224442335063197,-6.548774529947047,-6.566515366909086,0.5543325998885988
Federation lake,76,lakes,1.3424226808222062,2.5,0.11904761904761904,0.078,0.314,0.0,-0.128,0.0,-0.02,-0.5056,-0.6739,0.5145,0.2771,0.045,0.136,0.182,0.0,0.036,9,-10.438898616350944,2.346352974450639,-5.870114416920882,-5.699546208332483,0.6547713336085907
Goose lake,77,lakes,1.6020599913279625,2.375,0.060897435897435896,0.212,0.329,0.021,-0.077,0.0,-0.009,-0.2951,-0.6795,0.1396,-0.032,0.025,0.3,0.1,0.0,0.032,9,-10.8153085691824,2.462397997898956,-6.873629075323413,-8.166007506075797,0.7365313340998024
Grass lake,78,lakes,1.6434526764861874,3.6818,0.08562367864693446,0.206,0.294,0.012,-0.047,0.0,0.04,-0.3028,-0.6883,0.4453,0.1731,0.023,0.091,0.091,0.0,0.019,9,-10.438898616350944,2.1818435879447726,-6.306117875337275,-6.566515366909086,0.7807135795831928
Gull lake,79,lakes,1.6532125137753437,4.6444,0.10555555555555556,0.252,0.244,0.029,-0.168,0.0,0.015,-0.3528,-0.8319,0.4054,0.425,0.0,0.178,0.089,0.0,0.014,6,-11.45717457304082,1.6127838567197355,-6.6391062656423285,-6.068033885271827,0.6472632324714402
Gull lake north,80,lakes,1.2041199826559248,1.4375,0.09583333333333334,0.0,0.309,0.0,0.0,0.0,-0.013,-0.5989,-0.6613,0.5824,0.0598,0.0,0.25,0.062,0.0,0.087,5,-10.61798295742513,-2.1694113313148558,-7.3204601701924705,-7.849485002168009,0.9678868075688277
Helldiver pond,81,lakes,1.6127838567197355,4.0732,0.10182926829268292,0.163,0.224,0.012,-0.144,0.0,0.018,-0.406,-0.7638,0.4642,0.397,0.024,0.244,0.122,0.0,0.012,9,-11.45717457304082,2.716003343634799,-6.41429003088827,-7.251811972993799,0.5897260077230915
High pond,82,lakes,1.380211241711606,3.4583,0.1503623188405797,0.279,0.155,0.072,-0.054,0.0,0.048,-0.2195,-0.7426,0.4477,0.3163,0.042,0.083,0.208,0.0,0.048,9,-11.45717457304082,2.7259116322950483,-5.8680289620384825,-5.082154714253788,0.6255897763516041
Hoel lake,83,lakes,1.8573324964312685,7.8333,0.11032863849765258,0.285,0.297,0.032,-0.085,0.0,-0.043,-0.4388,-0.1422,0.1801,0.1018,0.014,0.111,0.069,0.0,0.012,9,-11.45717457304082,3.2730012720637376,-5.555055850646244,-6.312417026271449,0.8531809223730534
Horseshoe Lake,84,lakes,1.6901960800285136,5.0816,0.10586734693877552,0.24,0.362,0.048,-0.024,0.0,0.006,-0.352,-0.2769,0.4338,-0.0943,0.02,0.102,0.082,0.0,0.024,9,-10.590066876668706,3.322219294733919,-5.794924242402552,-6.6020599913279625,0.5909469788723559
Indian Lake,85,lakes,1.5440680443502757,2.8571,0.08403361344537816,0.0,0.39,0.0,0.0,0.0,-0.01,-0.3445,-0.6939,0.5468,0.0152,0.0,0.2,0.029,0.0,0.02,5,-10.8153085691824,-2.1694113313148558,-7.390190795188994,-7.7594507517174005,0.6465086595985917
Little Rainbow Lake,86,lakes,1.7160033436347992,4.7308,0.09276018099547512,0.131,0.185,0.0,-0.192,0.0,-0.029,-0.4665,-0.8057,0.702,0.4371,0.019,0.173,0.115,0.0,0.004,9,-11.45717457304082,2.0211892990699383,-6.596040760613861,-6.497572880015567,0.5462989863473149
Long Lake,87,lakes,1.8129133566428555,6.3538,0.09927884615384615,0.293,0.265,0.029,-0.067,0.0,0.011,-0.3148,-0.1274,0.0863,-0.0297,0.015,0.154,0.062,0.0,0.01,9,-13.46470587995723,2.808210972924222,-5.955154113386067,-6.497572880015567,0.48467350803029463
Loon Lake,88,lakes,1.5440680443502757,3.2857,0.09663865546218488,0.234,0.168,0.017,-0.053,0.0,-0.01,-0.4289,-0.7361,0.5711,0.2011,0.029,0.114,0.114,0.0,0.026,9,-10.61798295742513,2.5224442335063197,-6.198590525097781,-6.497572880015567,0.6595319004977053
Lost Lake,89,lakes,1.4913616938342726,4.6774,0.15591397849462366,0.12,0.242,0.014,-0.184,0.0,-0.031,-0.5606,-0.5844,0.5609,0.3607,0.032,0.065,0.161,0.0,0.021,9,-11.45717457304082,2.4947110252052624,-5.9287027710745,-5.2373214362725635,0.6153631040661638
Lost Lake East,90,lakes,1.6127838567197355,3.2927,0.08231707317073171,0.073,0.411,0.0,-0.082,0.0,0.018,-0.262,-0.6802,0.8054,0.006,0.024,0.22,0.098,0.0,0.015,9,-10.590066876668706,2.5224442335063197,-7.3219819805430655,-8.0,0.47439743558806485
Lower Sister Lake,91,lakes,1.568201724066995,4.2973,0.11936936936936937,0.267,0.24,0.013,-0.143,0.0,-0.013,-0.3809,-0.6287,0.4571,0.4364,0.027,0.108,0.108,0.0,0.013,9,-10.8153085691824,2.1903316981702914,-6.087784955527316,-6.068033885271827,0.7052885493043318
Oswego Lake,92,lakes,1.5185139398778875,4.0606,0.1268939393939394,0.153,0.315,0.045,-0.082,0.0,-0.003,-0.2217,-0.6857,0.274,0.3009,0.03,0.152,0.121,0.0,0.03,9,-10.61798295742513,2.3010299956639813,-6.5360025772940835,-7.064996848546345,0.5304344158972115
Owl Lake,93,lakes,1.4771212547196624,2.3333,0.08045977011494253,0.0,0.388,0.0,0.002,0.0,-0.013,-0.1878,-0.5769,0.5331,-0.0629,0.033,0.2,0.067,0.0,0.014,9,-10.61798295742513,0.8864907251724818,-7.473908537323698,-8.137642979957224,0.5572289215513572
Rat Lake,94,lakes,1.6989700043360187,5.34,0.1089795918367347,0.29,0.281,0.052,-0.056,0.0,0.0,-0.3154,-0.32,0.3707,0.1428,0.02,0.1,0.08,0.0,0.022,9,-10.323306390375134,2.6989700043360187,-5.889785787193831,-6.883071886068319,0.7629330587973968
Razorback Lake,95,lakes,1.6232492903979006,4.1905,0.10220673635307782,0.217,0.321,0.034,-0.057,0.0,0.009,-0.2316,-0.6035,0.4938,0.2391,0.024,0.119,0.095,0.0,0.017,9,-10.61798295742513,2.45484486000851,-6.328821004436968,-7.251811972993799,0.6784975855187296
Rock Lake,96,lakes,1.3424226808222062,1.9091,0.09090909090909091,0.0,0.27,0.0,0.0,0.0,-0.019,-0.5223,-0.808,0.6345,0.7193,0.045,0.091,0.091,0.0,0.024,8,-10.323306390375134,-2.7417564900754847,-7.048907604376817,-7.475390988664909,0.7003867524036559
Russian Lake,97,lakes,1.380211241711606,2.5,0.10869565217391304,0.135,0.195,0.0,-0.211,0.0,-0.016,-0.5318,-0.8025,0.6651,0.4862,0.042,0.208,0.167,0.0,0.017,9,-10.323306390375134,1.4471580313422192,-6.205761768864342,-6.2828033826436975,0.6265852054915777
Safford Lake,98,lakes,1.6434526764861874,5.0227,0.11680761099365751,0.254,0.263,0.027,-0.114,0.0,0.019,-0.4082,-0.5743,0.4612,0.2488,0.023,0.159,0.114,0.0,0.018,9,-11.45717457304082,2.3324384599156054,-5.928313975252473,-6.2828033826436975,0.8486410421440632
Sand Lake,99,lakes,1.462397997898956,2.7241,0.09729064039408868,0.188,0.321,0.025,-0.042,0.0,0.009,-0.3753,-0.456,0.4247,0.1079,0.034,0.172,0.138,0.0,0.038,9,-10.61798295742513,2.840106094456758,-6.0040856751416545,-7.590066876668706,0.812218663588776
South Lake,100,lakes,1.3424226808222062,1.6364,0.07792207792207792,0.0,0.369,0.0,0.0,0.0,-0.009,0.0,-0.861,0.0,0.0,0.0,0.318,0.091,0.0,0.0,5,-11.45717457304082,-2.7417564900754847,-7.924525043257501,-8.557206321905172,0.6817167546645825
Squaw Lake,101,lakes,1.6127838567197355,4.0488,0.10121951219512196,0.147,0.329,0.012,-0.081,0.0,0.02,-0.3339,-0.3773,0.4227,-0.0759,0.0,0.122,0.073,0.0,0.018,6,-10.61798295742513,2.678518379040114,-6.695542165723451,-8.0,0.6491510011365027
Stink Lake,102,lakes,1.7242758696007892,5.2264,0.10050798258345428,0.192,0.331,0.022,-0.134,0.0,-0.013,-0.3246,-0.636,0.4567,0.1526,0.019,0.113,0.075,0.0,0.014,9,-10.61798295742513,2.307496037913213,-6.538827423125385,-6.497572880015567,0.6533313514576371
Twelfth Tee Lake,103,lakes,1.4913616938342726,2.5806,0.08602150537634409,0.13,0.372,0.025,-0.042,0.0,0.071,-0.2129,-0.6095,0.7307,0.0915,0.032,0.097,0.161,0.0,0.037,9,-11.45717457304082,2.6748611407378116,-6.878670457862393,-8.0,0.602288287407534
Twin Lake East,104,lakes,1.1139433523068367,1.2308,0.10256410256410256,0.0,0.389,0.0,0.0,0.0,0.026,-0.2182,-0.5729,0.4804,-0.2928,0.0,0.231,0.154,0.0,0.062,5,-11.45717457304082,-2.1694113313148558,-7.2066640778006406,-8.0,1.0912941462339085
Twin Lake West,105,lakes,1.414973347970818,2.2692,0.09076923076923077,0.0,0.351,0.0,0.0,0.0,-0.01,-0.1232,-0.436,0.1855,-0.2525,0.038,0.269,0.077,0.0,0.017,8,-10.61798295742513,-2.1694113313148558,-7.25576246330541,-7.795033438334353,0.7585247740363373
Whipple Lake,106,lakes,1.505149978319906,4.1875,0.1350806451612903,0.341,0.195,0.015,-0.065,0.0,-0.036,-0.3294,-0.2359,0.135,0.1139,0.031,0.188,0.125,0.0,0.015,9,-9.821023052706831,2.4771212547196626,-4.770768271569407,-5.198576781212697,0.7759530608392292
Wolf Lake,107,lakes,1.4313637641589874,1.5185,0.0584045584045584,0.0,0.378,0.0,0.0,0.0,0.014,-0.5903,-0.6207,0.4356,-0.0875,0.037,0.333,0.074,0.0,0.024,8,-10.61798295742513,-2.7417564900754847,-8.047335026923614,-8.410050398674292,0.6022207750435755
Weddell Sea,108,marine,2.690196080028514,32.6306,0.06672926839447435,0.26,0.274,0.049,-0.032,0.15,0.104,-0.0334,-0.1751,0.1241,0.0027,0.004,0.01,0.006,0.0,0.003,12,-13.8153085691824,7.447158031342219,-1.461974830690474,-0.19514944881030027,0.28959834830904435
Tuesday Lake 1984,109,lakes,1.6989700043360187,5.28,0.10775510204081633,0.132,0.262,0.008,-0.082,0.0,0.0,-0.5051,-0.5513,0.1753,0.0205,0.0,0.26,0.0,0.0,0.019,6,-10.518557371497694,0.11058971029924881,-7.072653034988589,-7.452240978838425,0.7541209933005764
Tuesday Lake 1986,110,lakes,1.7075701760979363,4.6275,0.09254901960784313,0.113,0.274,0.025,-0.013,0.0,-0.02,-0.2519,-0.5556,0.4811,-0.0144,0.0,0.255,0.0,0.0,0.021,6,-10.518557371497694,2.290034611362518,-7.443450892607336,-8.0,0.42426498872342366
Chilean Intertidal Curaumilla,111,marine,2.0170333392987803,12.8654,0.12490664675130694,0.114,0.163,0.001,-0.041,-0.13,-0.011,-0.3591,-0.056,0.2409,-0.2049,0.5,0.212,0.019,0.0,0.001,8,-5.0,2.6989700043360187,-2.1333908757929487,-1.6989700043360187,0.6445165828459767
Chilean Intertidal El Quisco,112,marine,2.0043213737826426,13.3168,0.13316831683168318,0.113,0.168,0.001,-0.036,-0.129,-0.013,-0.3652,-0.0667,0.2217,-0.2072,0.475,0.218,0.02,0.0,0.001,8,-5.0,2.6989700043360187,-2.260422908025099,-1.889410289700751,0.6307361343945641
Chilean Intertidal Las Cruces,113,marine,2.0211892990699383,12.9048,0.12408424908424909,0.113,0.163,0.001,-0.043,-0.127,-0.005,-0.3573,-0.0739,0.2531,-0.1714,0.495,0.2,0.019,0.0,0.001,8,-5.0,2.6989700043360187,-2.089629230161298,-1.6989700043360187,0.6461784473829246
Chilean Intertidal Los Molles,114,marine,2.0211892990699383,12.8571,0.12362637362637363,0.113,0.162,0.001,-0.043,-0.128,-0.005,-0.3578,-0.0734,0.2564,-0.1676,0.495,0.21,0.019,0.0,0.001,8,-5.0,2.6989700043360187,-2.076696517332722,-1.6989700043360187,0.646178560607601
Chesapeake Bay,115,marine,2.782472624166286,25.8729,0.04276518560947004,0.371,0.324,0.204,-0.034,0.05,0.065,0.3725,-0.4396,0.5247,-0.112,0.018,0.081,0.025,0.0,0.004,15,-10.899629454882437,5.301029995663981,-1.609687406098054,-1.4612359898862488,0.3380337617833909
Carpinteria,116,terrestrial aboveground,2.1702617153949575,8.0473,0.054743519029233315,0.108,0.343,0.0,0.015,-0.022,-0.107,-0.4219,-0.3412,-0.2718,-0.278,0.128,0.122,0.128,0.694,0.002,13,-7.274905478918531,3.778151250383644,-1.2498946204842218,-0.4605035745381618,1.0491434828525257
Scottish Lake,117,lakes,1.7075701760979363,6.6667,0.13333333333333333,0.293,0.075,0.059,-0.038,-0.043,0.007,-0.234,-0.0091,0.082,-0.3066,0.588,0.373,0.0,0.0,0.021,8,-9.248143760407599,1.9020599913347362,-5.644617331705276,-7.929079206781836,0.46908334904344345
Afon Hafren 2005,118,streams,1.3424226808222062,4.6818,0.22294372294372294,0.109,0.095,0.019,-0.094,-0.094,0.01,-0.2941,0.5019,0.3464,-0.5785,0.091,0.136,0.091,0.0,0.058,10,-9.739928612014925,0.1474534696761977,-5.948053929993819,-4.299553215952807,0.6568272946695783
Allt a Mharcaidh,119,streams,1.568201724066995,6.9459,0.19294294294294295,0.093,0.144,0.008,-0.068,-0.068,-0.013,-0.2865,0.2514,0.3246,-0.4521,0.054,0.189,0.054,0.0,0.039,10,-9.991399828238082,0.7663065221553806,-5.476504742983446,-3.6965965678677266,0.5005620114622028
Broadstone Stream,120,streams,1.3617278360175928,4.3043,0.1956521739130435,0.459,0.239,0.162,-0.102,-0.102,0.023,-0.1134,-0.4598,0.2335,0.3752,0.087,0.261,0.174,0.0,0.081,10,-9.51999305704285,0.07933374855767525,-5.235188104818778,-3.8490747858957786,0.6439921398851971
Dargall Lane,121,streams,1.3010299956639813,3.3,0.1736842105263158,0.125,0.191,0.03,-0.112,-0.112,-0.004,-0.4271,-0.2419,0.2559,-0.4686,0.1,0.15,0.1,0.0,0.091,10,-9.447331783887806,0.6761793357463644,-5.6146045997662135,-3.659014856101839,0.6885459179681649
Duddon Pike Beck,122,streams,1.4913616938342726,5.9032,0.1967741935483871,0.182,0.187,0.055,-0.069,-0.069,0.02,-0.0877,0.2218,0.0967,-0.4474,0.065,0.323,0.065,0.0,0.044,10,-9.504455662453552,0.9947096414962584,-5.362106356598414,-3.681604807136856,0.5491171450096998
Hardknott Gill,123,streams,1.6232492903979006,8.9286,0.21777003484320556,0.298,0.085,0.021,-0.057,-0.057,-0.009,-0.2926,-0.2165,0.2836,0.1507,0.048,0.262,0.048,0.0,0.019,10,-9.7281583934635,0.5276505671266455,-5.063937364848057,-3.6236056722025025,0.470784832457698
Mill Stream,124,streams,1.9138138523837167,17.5,0.21604938271604937,0.29,0.061,0.006,-0.115,-0.11,-0.004,-0.2496,-0.1462,0.2901,0.0964,0.024,0.159,0.024,0.0,0.006,10,-11.471083299722345,4.239424618007431,-4.86887673803912,-3.4605726653590585,0.41148884917545636
Mosendale Beck,125,streams,1.3222192947339193,3.8095,0.19047619047619047,0.246,0.179,0.075,-0.083,-0.083,0.048,-0.2129,0.232,0.0697,-0.535,0.095,0.238,0.095,0.0,0.062,10,-9.500312917381596,1.9336475591997504,-5.810506431484142,-3.96724428474963,0.6708592056310811
Old Lodge,126,streams,1.3222192947339193,3.9048,0.19523809523809524,0.188,0.111,0.073,-0.071,-0.071,-0.037,-0.3818,0.2408,0.2445,-0.5362,0.095,0.143,0.095,0.0,0.061,10,-9.515700160653214,0.977893531403672,-6.368860653838755,-8.08039897621589,0.6713163741924303
Alert,127,terrestrial aboveground,1.2041199826559248,2.25,0.15,0.021,0.213,0.0,0.0,0.058,0.055,-0.6018,-0.2121,0.5535,0.2466,0.25,0.25,0.5,0.0,0.0,9,-2.6989700043360187,5.3692158574101425,1.352579923704221,2.238515021650464,1.2332019192123802
Bylot,128,terrestrial aboveground,1.2041199826559248,2.0,0.13333333333333333,0.066,0.188,0.0,0.0,0.084,-0.055,-0.7381,-0.2085,-0.6856,-0.154,0.25,0.25,0.5,0.0,0.0,9,-2.6989700043360187,3.5185139398778875,0.9343844510848865,2.0370760308490903,1.6973109348537634
Herschel,129,terrestrial aboveground,1.3617278360175928,2.3913,0.10869565217391304,0.07,0.265,0.0,0.0,-0.001,0.039,-0.5355,-0.1779,-0.1164,-0.2465,0.217,0.174,0.391,0.0,0.0,9,-2.6989700043360187,5.3692158574101425,1.5774975426400815,2.4742162640762553,1.147566325352112
Nenetsky,130,terrestrial aboveground,1.380211241711606,2.9583,0.1286231884057971,0.034,0.213,0.0,0.0,0.013,0.07,-0.6752,-0.1199,-0.0875,0.0473,0.208,0.208,0.375,0.0,0.0,9,-2.6989700043360187,5.273001272063738,1.5884342415873594,2.6824304001857513,0.9245111544824604
Svalbard,131,terrestrial aboveground,1.1139433523068367,1.6154,0.1346153846153846,0.0,0.217,0.0,0.0,0.0,0.016,-0.4724,-0.366,0.5544,-0.2194,0.385,0.154,0.692,0.0,0.0,9,-2.6989700043360187,4.685884987381299,0.33670113818389946,1.5333907080175513,0.9969832550174601
Yamal,132,terrestrial aboveground,1.3424226808222062,2.9091,0.13852813852813853,0.008,0.202,0.0,0.0,0.009,0.044,-0.6821,-0.0963,-0.0306,0.1023,0.227,0.227,0.409,0.0,0.0,9,-2.6989700043360187,5.0,1.3270969388432838,2.359640777880337,0.8067250489257095
Zackenberg,133,terrestrial aboveground,1.2304489213782739,2.1765,0.13602941176470587,0.061,0.259,0.0,0.0,0.017,-0.079,-0.4222,-0.3355,0.3214,-0.0155,0.294,0.176,0.529,0.0,0.0,9,-2.6989700043360187,5.278903673365242,0.8709963399822466,1.8720979742742268,0.7895643363561875
Gearagh,134,terrestrial belowground,2.0644579892269186,3.1293,0.027211394302848576,0.138,0.321,0.0,0.0,0.0,0.128,-0.2564,-0.3022,-0.023,0.27,0.121,0.526,0.043,0.044,0.011,11,-4.8326826652518236,0.9145507590248836,-2.7272637449786283,-2.736104527017403,0.5364660890560626
Dutch Microfauna food web PlotA,135,terrestrial belowground,1.9822712330395684,8.7812,0.09243421052631579,0.209,0.208,0.021,0.0,0.287,0.028,-0.1139,-0.4071,0.2339,0.0034,0.01,0.625,0.042,0.002,0.0,8,-12.995678626217357,-0.330000000266665,-6.315972827067516,-6.625286450439126,0.42262934387666173
Dutch Microfauna food web PlotB,136,terrestrial belowground,1.9822712330395684,5.6875,0.05986842105263158,0.162,0.223,0.004,0.0,0.404,0.039,-0.1709,-0.6838,0.3894,0.049,0.01,0.635,0.042,0.077,0.002,8,-12.920818753952375,-0.330000000266665,-6.362746054997689,-6.7747984569223165,0.5131052562954381
Dutch Microfauna food web PlotC,137,terrestrial belowground,2.0043213737826426,8.9208,0.0892079207920792,0.263,0.175,0.033,0.0,0.247,0.054,-0.0819,-0.495,0.1913,-0.0119,0.01,0.614,0.04,0.001,0.0,8,-12.98296666070122,-0.330000000266665,-6.089401605583849,-6.349692476868063,0.5005118142801683
Bure Stream,138,streams,1.9777236052888478,20.2842,0.21578947368421053,0.419,0.093,0.031,-0.05,-0.038,0.021,-0.1547,-0.2802,0.175,0.2416,0.0,0.053,0.084,0.0,0.006,8,-9.281498311132726,1.5110532135438783,-4.990120192300695,-3.9257615408262465,0.4250065050741218
Loddon Stream,139,streams,2.0211892990699383,24.2095,0.2327838827838828,0.397,0.069,0.011,-0.066,-0.053,0.009,-0.3779,-0.3193,0.361,0.2706,0.0,0.057,0.114,0.0,0.004,8,-9.327902142064282,2.1156660083007566,-4.769966128731286,-3.8403636379459956,0.43364133104084296
Lyde Stream,140,streams,2.041392685158225,18.4545,0.16930775646371976,0.301,0.1,0.017,-0.049,-0.03,-0.006,-0.191,-0.0377,0.2022,-0.1853,0.0,0.045,0.082,0.0,0.005,9,-9.327902142064282,1.3669503608792724,-5.467430703485819,-4.901981029632738,0.34645870053336186
Test Stream,141,streams,2.08278537031645,26.2149,0.2184573002754821,0.4,0.069,0.014,-0.096,-0.077,0.007,-0.3673,-0.3988,0.3635,0.3328,0.0,0.05,0.099,0.003,0.005,8,-9.327902142064282,2.9386608969191985,-4.605451907334038,-3.8403636379459956,0.3368577081019049
Wensum Stream,142,streams,2.103803720955957,27.4567,0.21791026121734783,0.414,0.083,0.017,-0.077,-0.058,0.009,-0.294,-0.3072,0.2983,0.231,0.0,0.079,0.087,0.0,0.005,9,-9.327902142064282,2.2442674840591925,-4.72945305964743,-3.925428558837501,0.40924170530067716
Lake Malawi,143,lakes,1.4313637641589874,5.1111,0.19658119658119658,0.415,0.149,0.0,-0.019,0.027,-0.023,-0.4169,-0.4131,0.4648,0.3023,0.185,0.0,1.0,0.0,0.029,11,-8.0,4.698970004336019,2.138350526844523,2.4654537497382707,0.9960999685912436
Iceland stream IS7 April 2009,144,streams,1.4771212547196624,5.6333,0.19425287356321838,0.129,0.035,0.0,0.0,-0.003,-0.012,-0.6251,0.5868,0.6198,-0.5753,0.2,0.133,0.2,0.0,0.0,12,-10.899629454882437,-1.7511529392651652,-7.597141387809661,-9.296563919469328,0.6343875683781133
Iceland stream IS7 August 2008,145,streams,1.7708520116421442,10.5254,0.18147282291057862,0.064,0.015,0.0,0.0,0.012,0.016,-0.4384,0.7465,0.4416,-0.7082,0.085,0.119,0.085,0.0,0.0,12,-10.950781977329818,-2.8696137976329377,-8.093668401527747,-9.429457060118102,0.8963328462971807
Iceland stream IS8  April 2009,146,streams,1.568201724066995,5.8378,0.16216216216216217,0.006,0.018,0.0,-0.041,-0.02,0.01,-0.6844,0.9206,0.7406,-0.9467,0.162,0.081,0.162,0.0,0.0,13,-11.032920265855504,1.1205291597173144,-8.320610524147245,-9.79317412396815,0.5001024012732859
Iceland stream IS8 August 2008,147,streams,1.6334684555795866,6.0233,0.1434108527131783,0.007,0.044,0.0,-0.038,0.01,0.023,-0.785,0.9289,0.8244,-0.8735,0.14,0.163,0.14,0.0,0.004,13,-10.899629454882437,0.8245540493594253,-8.101405759784722,-9.367542707815275,0.4632523638428884
Caribbean Reef,148,marine,2.392696953259666,13.3603,0.0543102597017873,0.156,0.232,0.005,0.144,0.101,0.041,-0.0934,-0.506,0.2061,0.1069,0.004,0.0,0.162,0.0,0.003,12,-10.0,5.827369273053825,2.464851973231181,2.683947130751512,0.7453228328769029
FloridaIslandE1,149,terrestrial aboveground,2.322219294733919,12.4381,0.059512417407154246,0.218,0.249,0.025,-0.043,-0.03,0.062,-0.0855,-0.3515,0.3202,0.1453,0.01,0.438,0.029,0.359,0.004,13,-8.423658649794207,3.5440680443502757,-2.2355576112988116,-2.259637310505756,0.31133249328907303
FloridaIslandE2,150,terrestrial aboveground,1.7708520116421442,4.678,0.08065458796025717,0.201,0.279,0.022,-0.152,-0.084,0.041,-0.1584,-0.4888,0.3191,0.1496,0.017,0.39,0.051,0.072,0.007,13,-8.423658649794207,3.5440680443502757,-1.848051464218304,-2.1870866433571443,0.5943874604728674
FloridaIslandE3,151,terrestrial aboveground,2.3242824552976926,13.237,0.06303317535545024,0.231,0.228,0.029,-0.04,-0.035,0.056,-0.083,-0.3496,0.3081,0.156,0.009,0.441,0.028,0.31,0.004,13,-8.423658649794207,3.5440680443502757,-2.2363407277217204,-2.2596373105057563,0.31058583834217035
FloridaIslandE7,152,terrestrial aboveground,1.7323937598229686,5.1667,0.09748427672955975,0.27,0.27,0.014,-0.108,-0.117,-0.011,-0.2253,-0.4409,0.4131,0.2002,0.019,0.37,0.056,0.068,0.011,12,-6.085656842880559,3.5440680443502757,-1.5805015672519582,-2.1788914352630595,0.6224043950708129
FloridaIslandE9,153,terrestrial aboveground,1.7481880270062005,5.3571,0.09740259740259741,0.285,0.251,0.013,-0.094,-0.131,0.016,-0.1876,-0.4515,0.3719,0.1839,0.018,0.321,0.054,0.197,0.007,12,-6.085656842880559,3.5440680443502757,-1.6417543284453398,-2.048455006504028,0.6105930771073536
Lough Hyne,154,marine,2.5390760987927767,14.5636,0.04221328642037363,0.112,0.314,0.005,-0.061,0.068,0.048,-0.1401,-0.3925,0.2402,0.024,0.006,0.014,0.017,0.0,0.003,13,-20.167491087293765,6.6020599913279625,-0.9519346519035385,-1.0101260625508306,0.18839877803635108
Blackrock Stream,155,streams,1.9444826721501687,4.2614,0.04898119122257053,0.04,0.217,0.0,-0.05,-0.006,0.025,-0.2255,-0.2153,-0.0164,-0.0438,0.557,0.455,0.057,0.0,0.0,11,-9.978810700930062,2.3010299956639813,-5.464220440168528,-4.426872398350349,0.32366207938377894
Broad Stream,156,streams,1.9822712330395684,5.875,0.06184210526315789,0.004,0.187,0.0,-0.025,-0.002,-0.003,-0.0901,0.0293,0.0188,-0.3786,0.552,0.406,0.073,0.0,0.002,11,-10.03905380426617,2.6648299411430907,-5.654278302395724,-4.5997514366732375,0.30842016496314567
Canton Creek,157,streams,2.0453229787866576,6.3694,0.057903357903357905,0.016,0.19,0.0,-0.013,0.001,-0.01,-0.0733,-0.0977,0.0124,-0.2533,0.505,0.468,0.054,0.0,0.001,11,-10.03905380426617,2.1760912590556813,-5.275118697145088,-4.206209615309182,0.2896716871817801
Dempsters Stream,158,streams,2.0453229787866576,8.6937,0.07903357903357904,0.065,0.187,0.0,-0.076,-0.004,-0.033,-0.1669,0.0799,0.1383,-0.2317,0.441,0.423,0.054,0.0,0.001,11,-10.886056647693163,1.6989700043360187,-4.783654581307622,-3.840977520118789,0.5721690837307809
German Creek,159,streams,1.9395192526186185,4.046,0.047046244319700614,0.039,0.288,0.0,-0.096,-0.012,-0.051,-0.2442,-0.2853,-0.0043,0.1878,0.552,0.471,0.046,0.0,0.003,11,-9.978810700930062,2.8020892578817325,-5.421546190317006,-4.54515513999149,0.33431890755618715
Healy Creek,160,streams,2.0,6.34,0.06404040404040404,0.054,0.201,0.0,-0.052,-0.017,-0.015,-0.1077,-0.1228,0.0886,-0.169,0.47,0.43,0.07,0.0,0.0,11,-10.886056647693163,1.534026106056135,-4.945462632338877,-4.097731976147111,0.43854528981667
Kye Burn,161,streams,2.0086001717619175,6.1667,0.06105610561056106,0.041,0.182,0.0,-0.035,0.002,-0.028,-0.1278,-0.1776,0.0526,0.0097,0.569,0.431,0.088,0.0,0.0,11,-9.978810700930062,2.320146286111054,-5.411882672427653,-4.642198864359036,0.3005886273768235
Little Kye Burn,162,streams,1.9030899869919435,4.6375,0.05870253164556962,0.02,0.269,0.0,-0.102,-0.016,-0.016,-0.1965,-0.1178,0.0672,-0.0628,0.5,0.438,0.062,0.0,0.0,11,-10.886056647693163,1.6989700043360187,-4.898443559999739,-3.935952305816368,0.5487817189450978
Stony Stream,163,streams,2.0569048513364727,7.2807,0.06443098897686694,0.015,0.157,0.0,-0.029,-0.01,-0.012,-0.0859,-0.0896,-0.0108,-0.2474,0.553,0.456,0.079,0.0,0.002,11,-10.03905380426617,1.3979400086720377,-5.422336646425393,-4.644079520329231,0.3043832766672011
Sutton Stream,164,streams,1.9444826721501687,4.8068,0.05525078369905956,0.001,0.146,0.0,-0.042,-0.025,0.017,-0.214,-0.1556,0.1627,-0.2486,0.648,0.33,0.034,0.0,0.0,11,-9.55709284581144,2.504171714775967,-5.992715613956884,-7.67666279683701,0.3230814876621676
AP1,165,marine,1.1139433523068367,1.1538,0.09615384615384616,0.079,0.373,0.0,0.0,0.0,-0.006,-0.202,-0.2686,-0.2809,0.1964,0.0,0.308,0.231,0.0,0.133,7,-4.0,0.8965262174895553,-1.8407050035967407,-2.0,0.9375508436112953
AP2,166,marine,1.255272505103306,2.0556,0.12091503267973856,0.258,0.348,0.0,0.0,0.045,0.087,-0.1853,-0.3201,-0.0119,0.4118,0.0,0.333,0.167,0.0,0.081,7,-4.0,1.0755469613925308,-1.8016164029404043,-2.0,1.1885477971124272
AP3,167,marine,1.255272505103306,2.7222,0.16013071895424835,0.283,0.214,0.0,-0.103,-0.2,0.051,-0.3134,-0.6082,0.1029,0.6524,0.0,0.222,0.222,0.0,0.061,8,-4.0,0.9804578922761,-1.8987853610373446,-2.0,0.9980607666339693
AP4,168,marine,1.0791812460476249,1.75,0.1590909090909091,0.318,0.249,0.095,-0.147,-0.179,0.029,-0.2006,-0.5571,0.0481,0.1019,0.0,0.167,0.417,0.0,0.143,8,-4.0,0.8155777483242672,-1.8476524708354798,-2.0,1.4341693314284756
BP1,169,marine,1.4471580313422192,3.1786,0.11772486772486772,0.053,0.213,0.0,0.004,-0.157,-0.012,-0.0731,0.3194,-0.0714,-0.31,0.0,0.357,0.107,0.0,0.022,8,-4.0,1.0561422620590524,-2.2078144961293975,-2.0,1.0117190824863342
BP2,170,marine,1.255272505103306,1.8333,0.10784313725490197,0.042,0.352,0.0,0.0,-0.111,-0.083,-0.0833,-0.6376,-0.0833,-0.6376,0.0,0.278,0.167,0.0,0.091,7,-4.0,-0.6197887582883939,-2.8753505545713756,-3.321032576499773,0.8989492179626729
BP3,171,marine,1.3424226808222062,2.0909,0.09956709956709957,0.027,0.366,0.0,0.0,-0.11,-0.001,-0.0382,-0.2663,-0.0625,-0.5842,0.0,0.227,0.227,0.0,0.065,7,-4.0,0.8208579894396999,-2.279028967755855,-2.0,0.7665998341125398
CGP1,172,marine,1.255272505103306,1.3333,0.0784313725490196,0.061,0.322,0.0,0.0,-0.048,-0.172,-0.1886,-0.5451,-0.2556,0.3859,0.0,0.389,0.167,0.0,0.125,7,-4.0,0.9513375187959177,-1.9172875468354686,-2.0,0.778881752568883
CGP2,173,marine,1.255272505103306,1.6667,0.09803921568627451,0.125,0.289,0.0,0.0,-0.159,-0.043,-0.2671,-0.8174,0.1014,0.5935,0.0,0.278,0.167,0.0,0.133,7,-4.0,1.6384892569546374,-1.612769592513117,-2.0,1.0408363465692616
CGP3,174,marine,1.4913616938342726,3.1935,0.1064516129032258,0.189,0.269,0.04,-0.094,-0.211,0.009,-0.2695,-0.3322,0.2352,0.1369,0.0,0.161,0.194,0.0,0.04,8,-4.0,3.7573960287930244,-1.0399345785041274,-0.5228787452803376,0.5644830124141941
CR1P1,175,marine,1.7993405494535817,8.0159,0.12928827444956478,0.309,0.136,0.008,-0.084,-0.076,0.08,-0.1639,-0.321,0.1184,0.2991,0.0,0.302,0.095,0.0,0.026,8,-4.0,1.6720978579357175,-1.6655898670669012,-1.958607314841775,0.6914662753957761
CR1P2,176,marine,1.7781512503836436,7.8833,0.13361581920903956,0.285,0.176,0.017,-0.057,-0.069,0.069,-0.1347,-0.3438,0.121,0.3961,0.0,0.283,0.1,0.0,0.03,8,-4.0,1.5481436374348454,-1.769322403933989,-2.0,0.7784773681691092
CR1P3,177,marine,1.6232492903979006,6.5476,0.15969802555168408,0.293,0.123,0.007,-0.099,-0.118,0.015,-0.2578,-0.4521,0.2393,0.4017,0.0,0.31,0.167,0.0,0.033,8,-4.0,1.3550682063488506,-2.259738533970871,-2.8699643060074624,0.744385045829199
CR1P4,178,marine,1.6020599913279625,6.075,0.15576923076923077,0.214,0.116,0.0,-0.08,-0.083,0.036,-0.0826,-0.3335,0.007,0.3532,0.0,0.275,0.125,0.0,0.029,8,-4.0,1.611617110554336,-2.3567014112246563,-2.6883753548010496,0.5628197191171141
CR2P1,179,marine,1.6812412373755872,7.5,0.1595744680851064,0.36,0.136,0.011,-0.059,-0.08,0.029,-0.1224,-0.2747,0.046,0.238,0.0,0.312,0.125,0.0,0.036,8,-4.0,1.5431985856376467,-2.280186640270941,-2.6290304611354003,0.5485282328201689
CR2P2,180,marine,1.7403626894942439,6.6182,0.12255892255892256,0.318,0.143,0.011,-0.096,-0.038,0.039,-0.2178,-0.2966,0.2197,0.2958,0.0,0.273,0.091,0.0,0.036,8,-4.0,1.783903579272735,-1.7254220013314718,-2.0,0.7032861464803071
CR2P3,181,marine,1.591064607026499,5.7436,0.15114709851551958,0.314,0.146,0.018,-0.084,-0.062,0.007,-0.049,-0.4747,-0.1012,0.4578,0.0,0.231,0.128,0.0,0.04,8,-4.0,0.8954225460394079,-2.0443588901244594,-2.2006594505464183,0.9114948397977333
CR2P4,182,marine,1.5314789170422551,4.0882,0.12388591800356506,0.352,0.227,0.014,-0.122,-0.019,0.071,-0.1696,-0.4633,0.0376,0.3036,0.0,0.294,0.176,0.0,0.086,8,-4.0,2.0457140589408676,-1.7082169776940517,-2.054231271163718,0.6344148956433107
F1P1,183,marine,1.7323937598229686,4.4074,0.08315863032844165,0.104,0.24,0.0,0.003,-0.101,0.032,-0.1372,0.1016,0.2371,-0.1061,0.0,0.278,0.093,0.0,0.025,8,-4.0,1.9493900066449128,-2.247911510721559,-2.7044676964867502,0.738386024691543
F1P2,184,marine,1.6812412373755872,5.2708,0.11214539007092199,0.065,0.183,0.0,0.007,-0.078,-0.004,-0.0442,0.1211,-0.0084,-0.0841,0.0,0.333,0.083,0.0,0.016,8,-4.0,1.2035767749779727,-2.4424568651739222,-2.7764209843288903,0.6850543891993913
F1P3,185,marine,1.6720978579357175,4.5319,0.09851988899167438,0.011,0.215,0.0,-0.006,-0.092,0.019,-0.0988,0.4811,0.0887,-0.4268,0.0,0.213,0.128,0.0,0.023,8,-4.0,2.6765107102825536,-2.2945336074280083,-2.6989700043360187,0.5431164064418792
F1P4,186,marine,1.6901960800285136,5.9388,0.12372448979591837,0.04,0.176,0.0,0.01,-0.068,-0.003,0.0045,0.4312,-0.0875,-0.202,0.0,0.408,0.082,0.0,0.014,8,-4.0,1.2250506961380487,-2.5103725918024486,-2.6989700043360187,0.6634635054653178
F2P1,187,marine,1.7634279935629373,6.1379,0.10768300060496068,0.015,0.133,0.006,-0.015,-0.075,0.006,-0.0543,0.7472,-0.066,-0.5371,0.0,0.345,0.121,0.0,0.017,8,-4.0,1.7450747915820575,-2.4877453796694335,-3.1883753548010496,0.6980857048328746
F2P2,188,marine,1.6532125137753437,3.8667,0.08787878787878788,0.009,0.203,0.023,-0.006,-0.081,0.019,0.0433,0.4818,-0.0712,-0.4693,0.0,0.289,0.133,0.0,0.029,8,-4.0,2.4143046881283317,-2.3481203396601464,-3.3010299956639813,0.7541819104069228
F2P3,189,marine,1.7242758696007892,4.8868,0.09397677793904209,0.056,0.231,0.015,-0.002,-0.039,0.049,0.0584,0.3337,0.035,-0.3762,0.0,0.34,0.113,0.0,0.027,8,-4.0,2.3086284325990527,-2.2820488420501723,-2.9208187539523753,0.6327547348896486
F2P4,190,marine,1.7160033436347992,4.8269,0.09464555052790347,0.151,0.242,0.0,-0.003,-0.085,0.013,-0.1379,0.1622,0.2023,-0.0692,0.0,0.25,0.096,0.0,0.024,8,-4.0,0.6493348587121419,-2.450347685023962,-2.679759281514789,0.9331228813857877
FP1,191,marine,1.3424226808222062,2.5909,0.12337662337662338,0.179,0.321,0.035,-0.051,-0.114,-0.008,0.0196,-0.2818,-0.1181,0.2244,0.0,0.227,0.136,0.0,0.053,8,-4.0,0.8388490907372553,-1.9616170160841597,-2.0,0.9095055993288489
FXAP1,192,marine,1.662757831681574,8.087,0.17971014492753623,0.214,0.086,0.016,0.003,-0.031,0.018,0.0003,-0.0451,0.0362,0.112,0.0,0.261,0.065,0.0,0.022,8,-4.0,0.7558748556724914,-2.468657651754648,-3.0,0.9540447731573268
FXAP2,193,marine,1.6532125137753437,7.5111,0.1707070707070707,0.27,0.096,0.018,0.004,-0.043,0.023,-0.0827,0.1338,0.0911,-0.0949,0.0,0.2,0.089,0.0,0.03,8,-4.0,1.0809870469108873,-2.310434159439084,-2.8239087409443187,0.772977994351449
FXAP3,194,marine,1.5563025007672873,6.9444,0.1984126984126984,0.297,0.094,0.048,0.0,-0.063,0.038,0.0216,-0.0168,0.0312,0.1691,0.0,0.25,0.111,0.0,0.04,7,-4.0,0.43296929087440583,-2.4782769388198806,-3.0,1.1321617650390832
FXAP4,195,marine,1.4313637641589874,4.8889,0.18803418803418803,0.458,0.14,0.091,0.0,-0.103,-0.037,0.0768,-0.2403,-0.0748,0.2991,0.0,0.259,0.148,0.0,0.053,7,-4.0,-0.005682847330363273,-2.5821735867441653,-2.7695510786217263,1.1378248512895122
FXBP1,196,marine,1.4913616938342726,5.7742,0.1924731182795699,0.339,0.092,0.022,0.005,-0.059,0.003,-0.053,-0.2107,0.025,0.2332,0.0,0.226,0.065,0.0,0.039,8,-4.0,0.6074550232146685,-2.8071444834440644,-3.642065152999546,0.8477784591886048
FXBP2,197,marine,1.6532125137753437,7.0444,0.1601010101010101,0.264,0.114,0.032,-0.007,-0.046,0.007,0.0868,-0.1221,-0.0821,0.243,0.0,0.333,0.067,0.0,0.028,8,-4.0,0.6384892569546373,-2.375991244678214,-2.6989700043360187,1.1562889241578067
FXBP3,198,marine,1.6812412373755872,7.6458,0.162677304964539,0.212,0.095,0.033,0.001,-0.026,0.023,0.0498,0.1831,-0.0219,-0.175,0.0,0.208,0.083,0.0,0.03,8,-4.0,1.1332194567324942,-2.3885343480149346,-2.9793036574208873,0.8892650561816492
FXBP4,199,marine,1.6901960800285136,8.449,0.1760204081632653,0.225,0.102,0.039,-0.003,-0.019,0.019,0.0581,0.1576,-0.0224,-0.0527,0.0,0.224,0.041,0.0,0.024,8,-4.0,1.629817196018516,-2.1763970982784717,-2.42021640338319,0.7234977611231462
GJAP1,200,marine,1.4913616938342726,6.7742,0.22580645161290322,0.441,0.056,0.029,-0.012,-0.03,-0.01,-0.1053,-0.1007,0.0087,0.0799,0.0,0.258,0.129,0.0,0.038,8,-4.0,1.8935953338198832,-2.690048417174723,-3.2218487496163566,0.5842564066376195
GJAP2,201,marine,1.4771212547196624,4.6333,0.15977011494252874,0.312,0.237,0.029,0.016,-0.071,0.029,-0.1551,-0.2639,0.1502,0.1413,0.0,0.367,0.133,0.0,0.058,8,-4.0,0.8918161195248604,-2.402701544278932,-3.0969100130080562,1.14094355806616
GJAP3,202,marine,1.3617278360175928,3.6522,0.16600790513833993,0.092,0.146,0.0,0.0,-0.046,0.025,-0.2025,0.3881,0.0947,-0.4095,0.0,0.174,0.174,0.0,0.036,7,-4.0,0.9965116721541787,-2.5031402290562026,-3.0457574905606752,0.8691770045673195
GJAP4,203,marine,1.3979400086720377,3.2,0.13333333333333333,0.103,0.195,0.0,0.023,-0.046,-0.003,-0.2031,-0.1434,0.1154,-0.1999,0.0,0.16,0.16,0.0,0.075,8,-4.0,0.3780343224573315,-2.7174463813883545,-3.5228787452803374,1.190358046061011
GJBP1,204,marine,1.6020599913279625,9.175,0.23525641025641025,0.415,0.062,0.044,-0.045,-0.017,0.006,-0.169,-0.0075,0.1892,0.0725,0.0,0.325,0.1,0.0,0.033,8,-4.0,2.0690017170456,-2.4704947177051007,-2.7447274948966935,0.505626809807748
GJBP2,205,marine,1.5185139398778875,7.1818,0.22443181818181818,0.32,0.057,0.025,-0.017,-0.008,0.009,-0.053,0.0206,-0.026,-0.0248,0.0,0.303,0.091,0.0,0.03,8,-4.0,2.005437923050822,-2.7330141276256703,-3.642065152999546,0.5575375029277712
GJBP3,206,marine,1.4313637641589874,6.2593,0.24074074074074073,0.404,0.082,0.036,0.008,-0.032,0.024,0.0017,-0.2504,-0.0468,0.2246,0.0,0.333,0.111,0.0,0.047,8,-4.0,0.38560627359831223,-2.8506607259329737,-3.0457574905606752,0.6397075248690777
GJBP4,207,marine,1.3617278360175928,3.8261,0.17391304347826086,0.189,0.131,0.0,0.0,-0.035,0.043,-0.0833,0.0828,0.0861,0.1492,0.0,0.348,0.217,0.0,0.068,7,-4.0,-0.6020599913279624,-3.2122642520082003,-3.6420651529995465,0.7033608121988444
L1P1,208,marine,1.7781512503836436,7.5667,0.12824858757062146,0.318,0.138,0.018,-0.09,-0.1,0.0,-0.1271,-0.2294,0.1018,0.3084,0.0,0.25,0.117,0.0,0.024,8,-4.0,1.9590413923210936,-1.7719991680457965,-2.0,0.5780946295544407
L1P2,209,marine,1.6232492903979006,6.7381,0.16434378629500582,0.36,0.13,0.007,-0.073,-0.114,0.027,-0.3421,-0.5462,0.4089,0.5104,0.0,0.357,0.119,0.0,0.039,8,-4.0,0.3802112417116061,-2.1841337171339226,-2.0,0.7801535730546261
L1P3,210,marine,1.6812412373755872,7.875,0.1675531914893617,0.369,0.108,0.026,-0.084,-0.035,0.037,-0.1234,-0.356,0.0277,0.283,0.0,0.312,0.062,0.0,0.034,8,-4.0,1.6856521841155243,-1.9517846024761774,-2.0,0.6071025575498804
L1P4,211,marine,1.6434526764861874,7.0227,0.16331923890063424,0.212,0.083,0.0,-0.049,-0.025,0.021,-0.117,-0.2609,0.0076,0.3205,0.0,0.364,0.068,0.0,0.023,8,-4.0,1.4632956099620027,-2.588881075508763,-2.758563208195623,0.49079621246214844
L2P1,212,marine,1.6720978579357175,6.5745,0.1429232192414431,0.306,0.131,0.006,-0.068,-0.109,0.015,-0.1871,-0.4266,0.1683,0.4336,0.0,0.383,0.085,0.0,0.036,8,-4.0,1.5149460053080044,-1.9472064249423346,-2.0,0.6171856169280202
L2P2,213,marine,1.7634279935629373,7.6379,0.13399879007864487,0.211,0.144,0.005,-0.034,-0.085,0.038,-0.1493,-0.1253,0.162,0.2617,0.0,0.276,0.069,0.0,0.018,8,-4.0,1.3153404766272883,-2.164359916634724,-2.065384140134512,0.6498861661857754
L2P3,214,marine,1.4313637641589874,3.8148,0.1467236467236467,0.348,0.169,0.019,-0.122,-0.204,0.031,-0.2074,-0.4615,0.1989,0.4045,0.0,0.185,0.111,0.0,0.049,8,-4.0,0.9885589568786155,-2.079580101002624,-2.221848749616356,0.9472855276871909
L2P4,215,marine,1.591064607026499,6.4615,0.1700404858299595,0.376,0.109,0.008,-0.082,-0.142,0.035,-0.2666,-0.4025,0.2416,0.3613,0.0,0.308,0.051,0.0,0.032,8,-4.0,1.335858911319818,-2.0276071579103134,-2.065501548756432,0.642340004699164
L3P1,216,marine,1.5185139398778875,6.3333,0.19791666666666666,0.193,0.091,0.01,-0.023,-0.094,0.019,-0.1189,0.1584,0.0741,-0.0393,0.0,0.121,0.061,0.0,0.024,8,-4.0,1.6492374723496073,-1.8287182056454372,-2.0,0.7798367479494769
L3P2,217,marine,1.3617278360175928,4.3478,0.1976284584980237,0.344,0.104,0.04,0.011,-0.096,-0.01,-0.2054,0.2673,0.2049,-0.1585,0.0,0.217,0.087,0.0,0.05,8,-4.0,1.407900540142635,-1.941269120811492,-3.0,0.8484273790622034
L3P3,218,marine,1.7323937598229686,8.3704,0.15793151642208245,0.361,0.114,0.004,-0.067,-0.068,0.022,-0.2514,-0.2753,0.2698,0.273,0.0,0.278,0.111,0.0,0.027,8,-4.0,1.4393326938302626,-1.9132013073354566,-2.0,0.7379474600941048
L3P4,219,marine,1.6989700043360187,5.14,0.10489795918367346,0.199,0.205,0.0,-0.04,-0.149,0.051,-0.1288,0.086,0.1364,0.0904,0.0,0.36,0.14,0.0,0.031,8,-4.0,1.255272505103306,-2.027393510799947,-2.0,0.9787836899551937
L4P1,220,marine,1.7558748556724915,8.3684,0.14943609022556392,0.312,0.133,0.008,-0.045,-0.109,0.017,-0.1766,-0.3022,0.1362,0.3481,0.0,0.298,0.123,0.0,0.027,8,-4.0,0.5910646070264993,-1.9941697230932012,-2.0,1.1669190477389046
L4P2,221,marine,1.7481880270062005,8.0357,0.1461038961038961,0.237,0.108,0.004,-0.048,-0.096,0.021,-0.189,-0.3553,0.1926,0.4164,0.0,0.339,0.107,0.0,0.022,8,-4.0,1.0496056125949733,-2.115198473011169,-2.051186454354779,0.8695666295017799
L4P3,222,marine,1.6127838567197355,5.5854,0.13963414634146343,0.191,0.14,0.0,-0.045,-0.133,0.063,-0.2112,-0.2775,0.1095,0.4425,0.0,0.39,0.171,0.0,0.039,8,-4.0,0.5211380837040362,-2.162656697522973,-2.431798275933005,1.452335588146125
L4P4,223,marine,1.6334684555795866,6.5581,0.15614617940199335,0.383,0.137,0.007,-0.059,-0.135,-0.018,-0.2446,-0.4192,0.2342,0.2848,0.0,0.302,0.14,0.0,0.035,8,-4.0,1.2607866686549762,-1.7048390665964255,-2.0,0.8422772810579158
MBP1,224,marine,1.5314789170422551,6.0294,0.18270944741532977,0.372,0.122,0.02,0.0,0.035,0.053,-0.1628,-0.5499,0.1189,0.5145,0.0,0.235,0.147,0.0,0.049,7,-4.0,-1.1023729087095586,-2.6969296384315453,-2.5774509799928715,1.0154057525534814
MBP2,225,marine,1.2787536009528289,4.3684,0.24269005847953215,0.476,0.106,0.072,0.0,-0.022,0.052,-0.0392,-0.444,0.0127,0.4156,0.0,0.316,0.211,0.0,0.108,7,-4.0,-0.3133637307377066,-2.9420117456726005,-3.0,0.7470259853712381
MBP3,226,marine,1.568201724066995,9.2432,0.25675675675675674,0.377,0.041,0.006,0.0,0.015,0.022,-0.1625,-0.4037,0.145,0.4427,0.0,0.27,0.135,0.0,0.032,7,-4.0,-0.8088285442714415,-3.016670307340899,-3.642065152999546,0.8248861471293504
MBP4,227,marine,1.4313637641589874,5.6667,0.21794871794871795,0.333,0.125,0.013,-0.056,0.016,0.031,-0.1351,-0.5575,0.0274,0.5469,0.0,0.259,0.148,0.0,0.059,8,-4.0,-1.1784864715952268,-2.8619655008063694,-3.0,1.2608189057849806
PC1P1,228,marine,1.3424226808222062,4.0,0.19047619047619047,0.343,0.166,0.0,-0.035,0.01,0.04,-0.1549,-0.1184,0.013,0.2923,0.0,0.227,0.182,0.0,0.091,8,-4.0,0.7234556720351858,-2.525079608959396,-2.9604093769761874,0.9005330305324428
PC1P2,229,marine,1.3222192947339193,5.0476,0.2523809523809524,0.454,0.067,0.019,-0.104,-0.149,0.029,-0.3191,-0.436,0.1961,0.3756,0.0,0.333,0.19,0.0,0.085,8,-4.0,0.23552844690754882,-2.4694514537769074,-2.8860566476931635,1.1044407477068092
PC1P3,230,marine,1.3979400086720377,4.44,0.185,0.326,0.196,0.018,-0.078,-0.029,0.037,-0.1929,-0.383,0.1005,0.3772,0.0,0.36,0.24,0.0,0.081,8,-4.0,-0.06048074738138154,-2.960199619677901,-3.154901959985743,0.8756469822704602
PC1P4,231,marine,1.2304489213782739,4.4118,0.2757352941176471,0.591,0.067,0.053,-0.036,-0.054,0.005,-0.2329,-0.0428,0.1517,0.1885,0.0,0.235,0.176,0.0,0.093,8,-4.0,0.056904851336472634,-2.686756862079986,-3.0,1.0151978555437629
PC2P1,232,marine,1.2787536009528289,3.8421,0.2134502923976608,0.317,0.11,0.027,-0.026,-0.179,0.044,-0.2041,0.0873,0.0868,-0.0007,0.0,0.368,0.105,0.0,0.055,8,-4.0,0.008600171761917567,-2.840667484759158,-3.642065152999546,0.9534587005830449
PC2P2,233,marine,1.4913616938342726,5.3871,0.17956989247311828,0.206,0.124,0.0,-0.045,-0.047,0.025,-0.0216,0.1032,-0.0938,0.0276,0.0,0.323,0.097,0.0,0.054,8,-4.0,1.3186892699477457,-2.216160000432152,-3.0,0.9218819814085347
PC2P3,234,marine,1.255272505103306,3.0,0.17647058823529413,0.403,0.173,0.037,-0.025,-0.034,0.049,-0.1338,-0.251,-0.0627,0.4283,0.0,0.333,0.278,0.0,0.13,8,-4.0,0.4329692908744057,-2.482736813721722,-3.2614393726401687,1.2213658103172744
PC2P4,235,marine,1.2304489213782739,3.6471,0.22794117647058823,0.203,0.107,0.0,0.0,0.021,0.005,-0.0345,-0.1689,-0.2617,0.2214,0.0,0.294,0.176,0.0,0.097,7,-4.0,0.37474834601010387,-2.679622016482645,-3.3979400086720375,0.9298699796814985
PC2P5,236,marine,1.0791812460476249,2.1667,0.19696969696969696,0.481,0.266,0.0,-0.071,0.045,0.0,-0.189,-0.4265,0.0235,0.4071,0.0,0.333,0.25,0.0,0.269,8,-4.0,-0.02687214640030147,-2.5330526212498135,-3.0,1.3520070348695385
PGSBP1,237,marine,1.2304489213782739,2.3529,0.14705882352941177,0.235,0.242,0.05,-0.114,-0.199,0.045,-0.2859,-0.3366,0.0773,0.1344,0.0,0.235,0.294,0.0,0.1,8,-4.0,0.029383777685209667,-1.8641766777242303,-2.0,1.6558146536770209
PGSBP2,238,marine,1.462397997898956,3.069,0.10960591133004927,0.194,0.243,0.0,-0.05,-0.143,0.029,-0.2712,-0.1757,0.2772,0.0847,0.0,0.241,0.207,0.0,0.056,8,-4.0,1.9493900066449128,-1.7736345580780437,-2.0,0.6289251765023083
PGUBP1,239,marine,1.255272505103306,2.5556,0.1503267973856209,0.156,0.208,0.0,-0.047,-0.112,0.023,0.0506,0.4707,-0.198,0.0405,0.0,0.222,0.167,0.0,0.043,8,-4.0,0.5797835966168101,-2.4446163542868087,-2.0,0.8769059443988317
PGUBP2,240,marine,1.3010299956639813,2.4,0.12631578947368421,0.096,0.247,0.0,0.038,-0.06,0.014,-0.1104,0.3138,-0.1759,-0.3095,0.0,0.25,0.15,0.0,0.062,8,-4.0,0.4548448600085102,-2.164331108527001,-2.0,1.329951866840135
PGUBP3,241,marine,1.3222192947339193,3.0952,0.15476190476190477,0.116,0.187,0.0,0.009,0.006,-0.004,-0.0607,0.0468,-0.2449,0.023,0.0,0.286,0.19,0.0,0.046,8,-4.0,0.4329692908744057,-2.1677538765060413,-2.0,1.2687483379552487
PGUBP4,242,marine,1.255272505103306,2.8333,0.16666666666666666,0.064,0.151,0.0,-0.004,0.004,-0.019,-0.0099,0.3792,-0.4378,-0.0673,0.0,0.222,0.222,0.0,0.059,8,-4.0,0.08278537031645007,-2.412220567699075,-2.0,0.9775521515712561
PP1I1,243,marine,1.4313637641589874,4.1852,0.16096866096866097,0.149,0.224,0.053,0.0,-0.067,0.06,-0.1356,0.2762,-0.097,-0.2414,0.0,0.148,0.111,0.0,0.053,7,-4.0,1.9025087293196203,-2.273500202676919,-3.642065152999546,0.6387279976935643
PP1I2,244,marine,1.146128035678238,1.9286,0.14835164835164835,0.0,0.241,0.0,0.0,-0.012,0.0,-0.0945,0.5927,-0.4205,-0.3439,0.0,0.071,0.286,0.0,0.111,7,-4.0,-0.7680209731684957,-2.6647309239466423,-3.321032576499773,1.658682240818449
PP1I3,245,marine,1.041392685158225,2.0,0.2,0.288,0.207,0.0,0.0,-0.015,-0.028,-0.2944,-0.138,-0.0525,0.5109,0.0,0.182,0.182,0.0,0.091,7,-4.0,1.8950908969343994,-1.6880989745024457,-1.2104192878355744,0.9834323279799799
PP1I4,246,marine,1.255272505103306,3.2222,0.1895424836601307,0.008,0.096,0.0,0.0,-0.022,-0.017,-0.025,0.8029,-0.4867,-0.3088,0.0,0.167,0.167,0.0,0.034,7,-4.0,0.2626171815385741,-2.500904722566043,-3.642065152999546,1.241124647267303
PP2I1,247,marine,1.3222192947339193,3.8095,0.19047619047619047,0.273,0.123,0.0,0.0,-0.014,-0.017,-0.0556,0.0469,-0.0056,0.3123,0.0,0.143,0.238,0.0,0.075,7,-4.0,0.1279789889169092,-2.3126331095408172,-3.0,1.3812771411801876
PP2I2,248,marine,1.3222192947339193,3.1905,0.1595238095238095,0.061,0.136,0.0,0.0,-0.05,-0.017,-0.0586,0.5541,-0.2775,-0.029,0.0,0.095,0.19,0.0,0.03,7,-4.0,0.409662661244457,-2.413991340530282,-3.0,0.995893655335126
PP2I3,249,marine,1.3617278360175928,3.7391,0.16996047430830039,0.237,0.156,0.023,0.0,-0.015,0.027,0.0448,-0.0509,-0.196,0.059,0.0,0.174,0.217,0.0,0.081,7,-4.0,0.3526647996511006,-2.3883660803570597,-3.0,1.1237332090939862
PP2I4,250,marine,1.3010299956639813,3.0,0.15789473684210525,0.008,0.15,0.0,0.0,-0.027,0.01,-0.0348,0.8617,-0.5693,-0.6151,0.0,0.1,0.2,0.0,0.067,7,-4.0,0.33525725643453186,-2.4655955039419237,-3.5200025808357918,1.2670251268732946
PP2M1,251,marine,1.255272505103306,2.4444,0.1437908496732026,0.014,0.199,0.0,0.0,-0.08,-0.018,-0.0482,0.4823,-0.335,-0.2604,0.0,0.111,0.278,0.0,0.068,7,-4.0,0.4264949953490336,-2.5733887394981165,-3.642065152999546,0.9725836264050193
PP2M2,252,marine,1.2787536009528289,2.7895,0.15497076023391812,0.146,0.174,0.0,0.0,-0.047,-0.04,-0.092,0.1282,-0.3149,0.1712,0.0,0.158,0.263,0.0,0.094,7,-4.0,0.018617292519441636,-2.37583698793872,-3.0,1.3278200003458165
PP2M3,253,marine,1.2787536009528289,2.7368,0.15204678362573099,0.189,0.201,0.0,0.0,-0.025,-0.048,-0.047,0.2089,-0.257,0.0044,0.0,0.105,0.263,0.0,0.115,7,-4.0,0.21777337740149544,-2.1588241365250433,-2.309803919971486,1.5201132697105322
PP2M4,254,marine,1.255272505103306,2.5,0.14705882352941177,0.014,0.198,0.0,0.0,-0.193,0.04,-0.2602,0.364,0.1128,-0.3389,0.0,0.222,0.222,0.0,0.089,7,-4.0,0.4203023851786898,-2.354229525557673,-3.1989700043360187,1.1576260003360865
RMP1,255,marine,1.4471580313422192,4.2143,0.15608465608465608,0.214,0.168,0.017,-0.04,-0.061,0.059,-0.0342,-0.0663,-0.1513,0.2301,0.0,0.357,0.321,0.0,0.076,8,-4.0,0.8407332346118067,-2.708372619897442,-3.0713337517843655,0.7878767406108337
RMP2,256,marine,1.3010299956639813,3.0,0.15789473684210525,0.224,0.157,0.0,-0.01,-0.083,0.051,-0.0517,-0.0077,-0.1475,0.2167,0.0,0.3,0.35,0.0,0.117,8,-4.0,0.6589648426644349,-2.7345356664620097,-3.2614393726401687,0.7954794316760283
RMP3,257,marine,1.2304489213782739,2.0,0.125,0.356,0.205,0.0,-0.167,-0.022,0.103,-0.234,-0.5858,0.0799,0.5264,0.0,0.294,0.235,0.0,0.176,8,-4.0,0.38381536598043126,-2.29394542888616,-2.795880017344075,1.0553638422982536
RMP4,258,marine,1.2041199826559248,2.4375,0.1625,0.314,0.176,0.0,-0.175,-0.107,0.007,-0.3402,-0.6049,0.1594,0.6324,0.0,0.25,0.375,0.0,0.154,8,-4.0,-0.9393021596463883,-2.875616349199429,-3.0969100130080562,0.9959139286834292
RMP5,259,marine,1.3222192947339193,4.2857,0.21428571428571427,0.289,0.131,0.022,0.022,-0.003,0.061,-0.0343,-0.1545,-0.1472,0.2714,0.0,0.333,0.238,0.0,0.078,8,-4.0,0.004321373782642578,-2.8092127918104572,-3.3010299956639813,1.247237978735902
RV1P1,260,marine,1.7708520116421442,7.3729,0.1271186440677966,0.259,0.157,0.009,-0.087,-0.054,0.036,-0.0937,-0.4092,0.0391,0.3279,0.0,0.373,0.119,0.0,0.023,8,-4.0,1.643353961976863,-2.1278954697213264,-2.161150909262745,0.4308158661668583
RV1P2,261,marine,1.6989700043360187,6.9,0.14081632653061224,0.307,0.139,0.006,-0.073,-0.035,0.012,-0.0766,-0.3092,-0.0443,0.2555,0.0,0.36,0.1,0.0,0.035,8,-4.0,2.1398790864012365,-2.178674041568401,-2.5061668675368627,0.6140185306002064
RV1P3,262,marine,1.7403626894942439,5.6,0.1037037037037037,0.109,0.223,0.0,-0.044,-0.055,0.005,-0.1544,-0.0345,0.1089,0.3182,0.0,0.418,0.091,0.0,0.026,8,-4.0,2.0025979807199086,-2.484843634165155,-2.8239087409443187,0.5027370257316827
RV1P4,263,marine,1.6989700043360187,6.24,0.1273469387755102,0.349,0.161,0.013,-0.118,-0.04,0.058,-0.225,-0.4173,0.2026,0.2866,0.0,0.3,0.12,0.0,0.035,8,-4.0,1.8401060944567578,-2.2512801610189594,-2.668621084159213,0.45406257442684733
RV2P1,264,marine,1.7160033436347992,7.0,0.13725490196078433,0.32,0.148,0.011,-0.086,-0.108,0.027,-0.0751,-0.3792,0.0157,0.3138,0.0,0.288,0.096,0.0,0.036,8,-4.0,1.53567380342575,-2.124970745876514,-2.502621527706186,0.6312147023997428
RV2P2,265,marine,1.5797835966168101,4.2105,0.11379800853485064,0.305,0.205,0.0,-0.085,-0.135,0.062,-0.2168,-0.2965,0.1862,0.2874,0.0,0.211,0.132,0.0,0.069,8,-4.0,1.6020599913279625,-1.949927515184853,-2.0768314439350974,0.824125588325613
RV2P3,266,marine,1.6812412373755872,6.4583,0.1374113475177305,0.301,0.158,0.013,-0.088,-0.084,0.065,-0.1354,-0.3853,0.0684,0.364,0.0,0.396,0.104,0.0,0.032,8,-4.0,1.3334472744967505,-2.234836290295833,-2.6290304611354003,0.7320811715255037
RV2P4,267,marine,1.6127838567197355,4.878,0.12195121951219512,0.271,0.212,0.0,-0.064,-0.103,0.032,-0.168,-0.3401,0.2031,0.3538,0.0,0.366,0.146,0.0,0.05,8,-4.0,0.07554696139253074,-2.4492722067392756,-2.744727494896694,0.949175464482285
SF1I1,268,marine,1.1760912590556813,1.8,0.12857142857142856,0.058,0.233,0.0,0.0,-0.088,0.042,-0.1047,-0.481,0.3765,-0.2602,0.0,0.2,0.267,0.0,0.111,7,-4.0,0.21218760440395779,-2.9639332985399545,-3.642065152999546,1.1196513915323851
SF1I2,269,marine,1.3010299956639813,2.75,0.14473684210526316,0.097,0.212,0.0,0.0,-0.047,0.013,-0.0467,0.2459,-0.1092,0.0568,0.0,0.15,0.2,0.0,0.055,7,-4.0,0.39516907482742103,-2.6855259288988593,-3.642065152999546,0.8403352766589984
SF1I3,270,marine,1.4313637641589874,3.7407,0.14387464387464388,0.035,0.212,0.04,0.0,-0.028,0.042,0.22,0.4904,-0.3696,-0.3894,0.0,0.222,0.222,0.0,0.059,7,-4.0,0.4161077123235618,-2.7426370334242955,-3.5228787452803374,0.8877063413398824
SF1I4,271,marine,1.3222192947339193,3.4762,0.1738095238095238,0.204,0.172,0.0,0.0,-0.029,0.0,-0.0521,0.252,-0.0585,-0.1037,0.0,0.19,0.238,0.0,0.096,7,-4.0,0.42357351973273555,-2.651342851516535,-3.5228787452803374,0.8139189111069488
SF1M1,272,marine,1.0791812460476249,2.1667,0.19696969696969696,0.188,0.183,0.0,0.0,-0.062,0.0,-0.0851,0.2857,-0.2975,0.2415,0.0,0.167,0.167,0.0,0.077,7,-4.0,0.14469871864312495,-2.2112509502070785,-2.266566189822945,1.1836780173368873
SF1M2,273,marine,1.0,1.5,0.16666666666666666,0.188,0.398,0.0,0.0,-0.094,-0.029,-0.1336,0.0,0.0,-0.1131,0.0,0.3,0.2,0.0,0.067,7,-4.0,-0.005374946231395327,-2.432266383117196,-3.321032576499773,1.4288938251098293
SF1M3,274,marine,1.1760912590556813,1.8667,0.13333333333333333,0.032,0.268,0.0,0.0,-0.174,0.019,-0.1256,0.5437,-0.0462,-0.3654,0.0,0.133,0.267,0.0,0.071,7,-4.0,0.14606598917739624,-2.3871536275368377,-3.0,1.1443690323670537
SF1M4,275,marine,1.1760912590556813,1.8667,0.13333333333333333,0.03,0.304,0.0,0.0,-0.132,0.01,-0.1005,0.1687,-0.6236,-0.4894,0.0,0.133,0.2,0.0,0.107,7,-4.0,0.3823592975193185,-2.1468432788730376,-1.9393021596463884,0.9853823898325066
SF2I1,276,marine,1.2041199826559248,1.9375,0.12916666666666668,0.05,0.283,0.0,0.0,-0.06,-0.074,-0.0703,0.0368,-0.2102,-0.0875,0.0,0.188,0.312,0.0,0.097,7,-4.0,0.6560790274402376,-2.272162123789558,-3.0,1.240396865009808
SF2I2,277,marine,1.2787536009528289,2.5263,0.14035087719298245,0.025,0.219,0.0,0.0,-0.068,-0.047,-0.0497,0.3171,-0.281,-0.3161,0.0,0.158,0.263,0.0,0.062,7,-4.0,0.1474289686986561,-2.5569512757298622,-3.0,1.0844281306058345
SF2I3,278,marine,1.1760912590556813,1.8667,0.13333333333333333,0.063,0.321,0.0,0.0,-0.059,-0.05,-0.0786,0.1832,-0.2444,-0.4813,0.0,0.133,0.333,0.0,0.107,7,-4.0,-0.007755855953228554,-2.620221776977784,-3.642065152999546,1.2510834996680316
SF2I4,279,marine,1.146128035678238,2.1429,0.16483516483516483,0.216,0.155,0.0,0.0,-0.074,-0.021,-0.1284,-0.1848,0.0858,0.0852,0.0,0.286,0.214,0.0,0.067,7,-4.0,0.21664085832544844,-2.913419141233013,-3.642065152999546,1.072903837727314
SF2M1,280,marine,1.146128035678238,2.1429,0.16483516483516483,0.026,0.211,0.0,0.0,-0.082,-0.013,-0.0728,0.6898,-0.5613,-0.2685,0.0,0.143,0.143,0.0,0.067,7,-4.0,0.5235253624481239,-2.0432610685070998,-1.4961474428176098,0.9232538846788331
SF2M2,281,marine,1.1760912590556813,1.6,0.11428571428571428,0.293,0.354,0.167,0.0,0.014,-0.038,0.1018,-0.4023,-0.372,0.4445,0.0,0.267,0.2,0.0,0.25,7,-4.0,0.15044940946088056,-1.6948158802114572,-1.2069083998234198,1.4430666183412397
SF2M3,282,marine,1.3010299956639813,2.35,0.12368421052631579,0.213,0.337,0.085,0.0,-0.033,0.019,0.185,-0.1923,-0.4391,0.3235,0.0,0.2,0.25,0.0,0.17,7,-4.0,0.10479428648627828,-2.1412136595956412,-2.3287886595888967,1.3665029350741766
SF2M4,283,marine,1.2304489213782739,2.4706,0.15441176470588236,0.237,0.367,0.143,0.0,0.008,0.08,0.24,-0.1703,-0.3802,0.1954,0.0,0.235,0.235,0.0,0.167,7,-4.0,0.404234866653423,-2.199050848872786,-2.585026652029182,0.9673942636013282
SP1,284,marine,1.041392685158225,1.8182,0.18181818181818182,0.4,0.288,0.1,-0.143,-0.094,0.035,-0.2177,-0.5175,0.1256,0.4665,0.0,0.091,0.364,0.0,0.2,8,-4.0,1.0354297381845483,-1.5012022603328008,-2.0,1.6049524988808832
WP1,285,marine,1.591064607026499,9.1795,0.24156545209176788,0.407,0.082,0.017,0.0,-0.116,0.018,-0.2574,-0.4893,0.2826,0.4566,0.0,0.333,0.103,0.0,0.025,7,-4.0,-0.5975666537806881,-2.797584022048085,-3.0,0.7256811483655858
WP2,286,marine,1.414973347970818,4.5769,0.18307692307692308,0.366,0.174,0.034,0.0,-0.012,0.056,-0.108,-0.5393,0.0587,0.4942,0.0,0.385,0.192,0.0,0.076,7,-4.0,-0.481881052856847,-2.954370151638673,-3.0,0.6712376229830588
WP3,287,marine,1.5440680443502757,7.9143,0.23277310924369748,0.528,0.083,0.029,-0.064,-0.088,0.091,-0.317,-0.4562,0.3393,0.4295,0.0,0.314,0.143,0.0,0.043,8,-4.0,-0.48188105285684707,-2.717466459156416,-2.677780705266081,0.7166440636550068
WP4,288,marine,1.4313637641589874,5.0741,0.19515669515669515,0.515,0.132,0.073,0.0,-0.001,0.06,-0.0619,-0.5966,0.1148,0.3669,0.0,0.37,0.185,0.0,0.073,7,-4.0,-0.43285595480434286,-2.7026348611706004,-2.638272163982407,0.6469483279439832
Skipwith Pond,289,lakes,1.5440680443502757,10.1143,0.29747899159663865,0.624,0.057,0.09,0.0,-0.069,0.046,-0.1891,-0.4517,0.251,0.332,0.029,0.057,0.029,0.0,0.028,7,-4.0,0.7006345013536699,-0.973922991685074,-0.6852903070448263,1.0788274096713768
